District,Org Code,Total FTE Memb,General Fund Appropriations,"Grants, Revolving & Other Funds",Total Expenditures,Expenditure Per Pupil
ABINGTON,00010000,"2,036.70","$24,027,141 ","$2,422,821 ","$26,449,962 ","$12,987 "
ACTON,00020000,"2,500.70","$28,592,304 ","$2,850,830 ","$31,443,134 ","$12,574 "
ACTON BOXBOROUGH,06000000,"2,987.90","$38,553,800 ","$6,077,277 ","$44,631,077 ","$14,937 "
ACUSHNET,00030000,"1,285.60","$13,827,824 ","$1,070,792 ","$14,898,616 ","$11,589 "
ADAMS CHESHIRE,06030000,"1,511.80","$17,128,450 ","$2,510,485 ","$19,638,935 ","$12,990 "
AGAWAM,00050000,"4,175.50","$51,830,624 ","$5,152,052 ","$56,982,676 ","$13,647 "
AMESBURY,00070000,"2,511.60","$29,496,781 ","$3,765,786 ","$33,262,567 ","$13,244 "
AMHERST,00080000,"1,287.10","$23,615,972 ","$1,574,890 ","$25,190,862 ","$19,572 "
AMHERST PELHAM,06050000,"1,619.00","$28,509,009 ","$3,180,919 ","$31,689,928 ","$19,574 "
ANDOVER,00090000,"6,263.20","$86,403,709 ","$8,705,525 ","$95,109,234 ","$15,185 "
ARLINGTON,00100000,"5,231.10","$59,336,557 ","$9,111,733 ","$68,448,290 ","$13,085 "
ASHBURNHAM WESTMINSTER,06100000,"2,364.50","$25,872,406 ","$3,947,479 ","$29,819,885 ","$12,611 "
ASHLAND,00140000,"2,706.60","$31,010,735 ","$4,907,769 ","$35,918,504 ","$13,271 "
ASSABET VALLEY,08010000,"1,048.10","$17,569,638 ","$1,694,726 ","$19,264,364 ","$18,380 "
ATHOL ROYALSTON,06150000,"1,772.10","$21,373,028 ","$2,333,955 ","$23,706,983 ","$13,378 "
ATTLEBORO,00160000,"6,241.40","$70,170,903 ","$9,576,359 ","$79,747,262 ","$12,777 "
AUBURN,00170000,"2,392.90","$29,002,251 ","$2,880,069 ","$31,882,320 ","$13,324 "
AVON,00180000,746.2,"$8,508,612 ","$1,518,272 ","$10,026,884 ","$13,437 "
AYER SHIRLEY,06160000,"1,946.60","$22,662,175 ","$3,709,397 ","$26,371,572 ","$13,548 "
BARNSTABLE,00200000,"5,547.70","$72,694,619 ","$10,106,272 ","$82,800,891 ","$14,925 "
BEDFORD,00230000,"2,632.20","$42,036,132 ","$3,305,266 ","$45,341,398 ","$17,226 "
BELCHERTOWN,00240000,"2,557.90","$27,949,777 ","$2,618,345 ","$30,568,122 ","$11,950 "
BELLINGHAM,00250000,"2,539.10","$28,935,326 ","$4,019,843 ","$32,955,169 ","$12,979 "
BELMONT,00260000,"4,271.80","$47,626,682 ","$7,048,816 ","$54,675,498 ","$12,799 "
BERKLEY,00270000,882.7,"$9,570,798 ","$1,524,412 ","$11,095,210 ","$12,570 "
BERKSHIRE HILLS,06180000,"1,492.20","$19,990,055 ","$4,248,683 ","$24,238,738 ","$16,244 "
BERLIN,00280000,207.2,"$3,298,064 ","$532,914 ","$3,830,978 ","$18,489 "
BERLIN BOYLSTON,06200000,629,"$7,673,820 ","$1,102,116 ","$8,775,936 ","$13,952 "
BEVERLY,00300000,"4,597.80","$53,120,024 ","$7,193,795 ","$60,313,819 ","$13,118 "
BILLERICA,00310000,"5,640.70","$73,921,555 ","$7,218,155 ","$81,139,710 ","$14,385 "
BLACKSTONE MILLVILLE,06220000,"1,934.90","$21,544,299 ","$2,069,501 ","$23,613,800 ","$12,204 "
BLACKSTONE VALLEY,08050000,"1,169.80","$19,559,311 ","$1,748,087 ","$21,307,398 ","$18,215 "
BLUE HILLS,08060000,851.5,"$15,793,491 ","$2,242,488 ","$18,035,979 ","$21,181 "
BOSTON,00350000,"67,790.30","$1,106,528,148 ","$135,285,805 ","$1,241,813,953 ","$18,318 "
BOURNE,00360000,"2,224.10","$29,043,852 ","$3,770,532 ","$32,814,384 ","$14,754 "
BOXBOROUGH,00370000,445.2,"$6,511,224 ","$933,147 ","$7,444,371 ","$16,721 "
BOXFORD,00380000,764.8,"$10,602,565 ","$962,714 ","$11,565,279 ","$15,122 "
BOYLSTON,00390000,340.7,"$3,816,135 ","$470,920 ","$4,287,055 ","$12,583 "
BRAINTREE,00400000,"5,810.40","$68,142,209 ","$7,731,644 ","$75,873,853 ","$13,058 "
BREWSTER,00410000,477.9,"$9,544,229 ","$629,394 ","$10,173,623 ","$21,288 "
BRIDGEWATER RAYNHAM,06250000,"5,618.10","$61,246,136 ","$6,709,970 ","$67,956,106 ","$12,096 "
BRIMFIELD,00430000,308.9,"$4,046,727 ","$684,040 ","$4,730,767 ","$15,315 "
BRISTOL COUNTY,09100000,446.6,"$8,408,770 ","$437,052 ","$8,845,822 ","$19,807 "
BRISTOL PLYMOUTH,08100000,"1,283.90","$21,437,871 ","$1,574,106 ","$23,011,977 ","$17,923 "
BROCKTON,00440000,"17,397.60","$214,377,618 ","$29,807,474 ","$244,185,092 ","$14,036 "
BROOKFIELD,00450000,324.6,"$3,380,267 ","$596,442 ","$3,976,709 ","$12,251 "
BROOKLINE,00460000,"7,344.80","$112,887,788 ","$14,109,403 ","$126,997,191 ","$17,291 "
BURLINGTON,00480000,"3,643.00","$59,408,097 ","$5,074,345 ","$64,482,442 ","$17,700 "
CAMBRIDGE,00490000,"6,922.40","$175,611,942 ","$12,418,731 ","$188,030,673 ","$27,163 "
CANTON,00500000,"3,317.50","$42,360,989 ","$5,049,074 ","$47,410,063 ","$14,291 "
CAPE COD,08150000,638.9,"$13,410,014 ","$1,419,932 ","$14,829,946 ","$23,212 "
CARLISLE,00510000,642.1,"$10,530,988 ","$836,541 ","$11,367,529 ","$17,704 "
CARVER,00520000,"1,812.00","$21,541,514 ","$2,180,987 ","$23,722,501 ","$13,092 "
CENTRAL BERKSHIRE,06350000,"1,886.80","$25,532,988 ","$2,346,132 ","$27,879,120 ","$14,776 "
CHELMSFORD,00560000,"5,314.60","$60,856,017 ","$5,238,931 ","$66,094,948 ","$12,436 "
CHELSEA,00570000,"6,659.80","$78,065,566 ","$13,279,753 ","$91,345,319 ","$13,716 "
CHESTERFIELD GOSHEN,06320000,169,"$2,152,324 ","$96,061 ","$2,248,385 ","$13,304 "
CHICOPEE,00610000,"7,921.40","$94,866,088 ","$11,820,788 ","$106,686,876 ","$13,468 "
CLARKSBURG,00630000,223.4,"$2,734,025 ","$322,649 ","$3,056,674 ","$13,683 "
CLINTON,00640000,"2,214.50","$22,793,387 ","$3,962,594 ","$26,755,981 ","$12,082 "
COHASSET,00650000,"1,632.60","$20,425,931 ","$2,288,494 ","$22,714,425 ","$13,913 "
CONCORD,00670000,"2,212.00","$33,855,963 ","$2,546,189 ","$36,402,152 ","$16,457 "
CONCORD CARLISLE,06400000,"1,280.30","$24,046,929 ","$2,130,507 ","$26,177,436 ","$20,446 "
CONWAY,00680000,180.7,"$2,002,562 ","$568,625 ","$2,571,187 ","$14,229 "
DANVERS,00710000,"3,763.20","$46,429,720 ","$4,844,405 ","$51,274,125 ","$13,625 "
DARTMOUTH,00720000,"3,785.50","$41,643,635 ","$3,747,275 ","$45,390,910 ","$11,991 "
DEDHAM,00730000,"2,854.70","$43,908,525 ","$4,353,332 ","$48,261,857 ","$16,906 "
DEERFIELD,00740000,455,"$5,021,054 ","$1,118,610 ","$6,139,664 ","$13,494 "
DENNIS YARMOUTH,06450000,"3,529.30","$52,326,764 ","$5,744,117 ","$58,070,881 ","$16,454 "
DIGHTON REHOBOTH,06500000,"3,025.20","$34,621,949 ","$3,671,586 ","$38,293,535 ","$12,658 "
DOUGLAS,00770000,"1,667.30","$15,530,084 ","$2,022,392 ","$17,552,476 ","$10,527 "
DOVER,00780000,526.7,"$10,336,055 ","$901,758 ","$11,237,813 ","$21,336 "
DOVER SHERBORN,06550000,"1,199.50","$19,315,971 ","$1,855,390 ","$21,171,361 ","$17,650 "
DRACUT,00790000,"4,017.30","$40,099,954 ","$3,718,211 ","$43,818,165 ","$10,907 "
DUDLEY CHARLTON,06580000,"4,138.20","$42,109,580 ","$5,055,946 ","$47,165,526 ","$11,398 "
DUXBURY,00820000,"3,276.80","$38,002,154 ","$3,651,999 ","$41,654,153 ","$12,712 "
EAST BRIDGEWATER,00830000,"2,365.90","$21,713,685 ","$2,638,943 ","$24,352,628 ","$10,293 "
EAST LONGMEADOW,00870000,"2,776.50","$33,284,030 ","$3,695,988 ","$36,980,018 ","$13,319 "
EASTHAM,00850000,218.3,"$4,614,199 ","$296,616 ","$4,910,815 ","$22,496 "
EASTHAMPTON,00860000,"1,873.70","$20,881,142 ","$1,809,618 ","$22,690,760 ","$12,110 "
EASTON,00880000,"3,890.80","$42,715,996 ","$3,825,941 ","$46,541,937 ","$11,962 "
EDGARTOWN,00890000,424.7,"$9,243,707 ","$380,659 ","$9,624,366 ","$22,662 "
ERVING,00910000,261.8,"$4,616,722 ","$228,889 ","$4,845,611 ","$18,509 "
ESSEX COUNTY,09130000,467.4,"$10,517,755 ","$536,632 ","$11,054,387 ","$23,651 "
EVERETT,00930000,"7,486.40","$86,006,548 ","$12,191,465 ","$98,198,013 ","$13,117 "
FAIRHAVEN,00940000,"2,031.90","$23,942,920 ","$2,792,940 ","$26,735,860 ","$13,158 "
FALL RIVER,00950000,"11,245.00","$127,839,725 ","$24,351,064 ","$152,190,789 ","$13,534 "
FALMOUTH,00960000,"3,693.50","$52,763,859 ","$4,893,277 ","$57,657,136 ","$15,610 "
FARMINGTON RIVER,06620000,284,"$4,228,605 ","$467,826 ","$4,696,431 ","$16,537 "
FITCHBURG,00970000,"5,639.60","$64,194,670 ","$12,973,117 ","$77,167,787 ","$13,683 "
FLORIDA,00980000,112.3,"$1,798,583 ","$81,642 ","$1,880,225 ","$16,743 "
FOXBOROUGH,00990000,"2,835.90","$37,497,359 ","$3,020,941 ","$40,518,300 ","$14,288 "
FRAMINGHAM,01000000,"8,899.80","$135,172,679 ","$17,010,671 ","$152,183,350 ","$17,100 "
FRANKLIN,01010000,"6,251.60","$67,211,205 ","$7,105,714 ","$74,316,919 ","$11,888 "
FRANKLIN COUNTY,08180000,500,"$9,168,626 ","$2,910,970 ","$12,079,596 ","$24,159 "
FREETOWN LAKEVILLE,06650000,"3,008.60","$31,570,869 ","$3,128,166 ","$34,699,035 ","$11,533 "
FRONTIER,06700000,704.8,"$10,434,758 ","$1,620,991 ","$12,055,749 ","$17,105 "
GARDNER,01030000,"2,624.50","$28,407,578 ","$2,912,350 ","$31,319,928 ","$11,934 "
GATEWAY,06720000,"1,110.20","$15,035,860 ","$1,498,514 ","$16,534,374 ","$14,893 "
GEORGETOWN,01050000,"1,563.50","$15,954,417 ","$2,498,200 ","$18,452,617 ","$11,802 "
GILL MONTAGUE,06740000,"1,270.80","$16,770,257 ","$3,179,687 ","$19,949,944 ","$15,699 "
GLOUCESTER,01070000,"3,410.60","$46,253,450 ","$4,838,326 ","$51,091,776 ","$14,980 "
GRAFTON,01100000,"3,137.90","$30,914,802 ","$2,391,148 ","$33,305,950 ","$10,614 "
GRANBY,01110000,"1,003.00","$10,755,242 ","$2,174,664 ","$12,929,906 ","$12,891 "
GREATER FALL RIVER,08210000,"1,437.50","$22,104,610 ","$3,499,039 ","$25,603,649 ","$17,811 "
GREATER LAWRENCE,08230000,"1,463.00","$25,944,192 ","$2,836,623 ","$28,780,815 ","$19,672 "
GREATER LOWELL,08280000,"2,138.00","$36,058,815 ","$4,170,094 ","$40,228,909 ","$18,816 "
GREATER NEW BEDFORD,08250000,"2,131.90","$35,592,141 ","$2,619,060 ","$38,211,201 ","$17,924 "
GREENFIELD,01140000,"2,165.40","$25,722,915 ","$5,659,383 ","$31,382,298 ","$14,493 "
GROTON DUNSTABLE,06730000,"2,704.40","$32,044,583 ","$3,350,407 ","$35,394,990 ","$13,088 "
HADLEY,01170000,758.4,"$7,805,709 ","$1,355,125 ","$9,160,834 ","$12,079 "
HALIFAX,01180000,599,"$7,595,587 ","$420,368 ","$8,015,955 ","$13,382 "
HAMILTON WENHAM,06750000,"1,921.70","$26,323,366 ","$2,861,149 ","$29,184,515 ","$15,187 "
HAMPDEN WILBRAHAM,06800000,"3,366.70","$39,305,826 ","$5,620,672 ","$44,926,498 ","$13,344 "
HAMPSHIRE,06830000,870.3,"$11,143,806 ","$1,972,728 ","$13,116,534 ","$15,071 "
HANCOCK,01210000,102.4,"$1,239,172 ","$49,300 ","$1,288,472 ","$12,583 "
HANOVER,01220000,"2,725.20","$28,470,686 ","$3,735,534 ","$32,206,220 ","$11,818 "
HARVARD,01250000,"1,226.20","$15,030,821 ","$4,003,036 ","$19,033,857 ","$15,523 "
HATFIELD,01270000,516.9,"$5,526,793 ","$1,187,482 ","$6,714,275 ","$12,990 "
HAVERHILL,01280000,"8,352.60","$88,407,972 ","$14,283,976 ","$102,691,948 ","$12,295 "
HAWLEMONT,06850000,114,"$1,522,036 ","$303,811 ","$1,825,847 ","$16,016 "
HINGHAM,01310000,"4,279.40","$46,738,626 ","$3,226,394 ","$49,965,020 ","$11,676 "
HOLBROOK,01330000,"1,292.20","$16,034,444 ","$2,194,407 ","$18,228,851 ","$14,107 "
HOLLAND,01350000,240.6,"$2,697,332 ","$460,815 ","$3,158,147 ","$13,126 "
HOLLISTON,01360000,"2,891.60","$32,495,713 ","$5,053,781 ","$37,549,494 ","$12,986 "
HOLYOKE,01370000,"6,589.50","$89,554,632 ","$20,680,105 ","$110,234,737 ","$16,729 "
HOPEDALE,01380000,"1,328.30","$12,651,422 ","$2,445,469 ","$15,096,891 ","$11,366 "
HOPKINTON,01390000,"3,510.40","$41,783,804 ","$4,225,015 ","$46,008,819 ","$13,106 "
HUDSON,01410000,"3,079.10","$39,144,160 ","$4,827,494 ","$43,971,654 ","$14,281 "
HULL,01420000,"1,113.50","$16,943,390 ","$1,707,761 ","$18,651,151 ","$16,750 "
IPSWICH,01440000,"2,038.00","$22,687,056 ","$4,134,016 ","$26,821,072 ","$13,160 "
KING PHILIP,06900000,"2,161.50","$26,014,299 ","$3,021,881 ","$29,036,180 ","$13,433 "
KINGSTON,01450000,"1,172.50","$12,440,711 ","$601,429 ","$13,042,140 ","$11,123 "
LANESBOROUGH,01480000,225.7,"$3,915,379 ","$358,387 ","$4,273,766 ","$18,936 "
LAWRENCE,01490000,"15,060.40","$181,734,263 ","$29,521,387 ","$211,255,650 ","$14,027 "
LEE,01500000,817.7,"$11,274,930 ","$1,530,537 ","$12,805,467 ","$15,660 "
LEICESTER,01510000,"1,755.00","$18,671,607 ","$3,088,941 ","$21,760,548 ","$12,399 "
LENOX,01520000,805.7,"$11,338,194 ","$1,976,063 ","$13,314,257 ","$16,525 "
LEOMINSTER,01530000,"6,637.10","$70,940,071 ","$14,524,345 ","$85,464,416 ","$12,877 "
LEVERETT,01540000,132.5,"$2,241,276 ","$388,449 ","$2,629,725 ","$19,847 "
LEXINGTON,01550000,"6,697.90","$105,236,912 ","$11,947,757 ","$117,184,669 ","$17,496 "
LINCOLN,01570000,"1,246.00","$12,110,843 ","$12,713,475 ","$24,824,318 ","$19,923 "
LINCOLN SUDBURY,06950000,"1,659.90","$26,251,581 ","$3,818,719 ","$30,070,300 ","$18,116 "
LITTLETON,01580000,"1,707.00","$20,882,507 ","$2,467,718 ","$23,350,225 ","$13,679 "
LONGMEADOW,01590000,"2,897.50","$36,034,357 ","$4,554,953 ","$40,589,310 ","$14,008 "
LOWELL,01600000,"15,222.20","$180,740,120 ","$26,538,312 ","$207,278,432 ","$13,617 "
LUDLOW,01610000,"2,870.50","$34,059,156 ","$3,902,603 ","$37,961,759 ","$13,225 "
LUNENBURG,01620000,"1,705.10","$18,782,387 ","$2,333,942 ","$21,116,329 ","$12,384 "
LYNN,01630000,"15,685.70","$181,228,616 ","$26,185,847 ","$207,414,463 ","$13,223 "
LYNNFIELD,01640000,"2,218.70","$27,965,613 ","$1,870,485 ","$29,836,098 ","$13,448 "
MALDEN,01650000,"7,450.70","$86,071,875 ","$14,711,011 ","$100,782,886 ","$13,527 "
MANCHESTER ESSEX,06980000,"1,580.90","$21,003,674 ","$2,509,320 ","$23,512,994 ","$14,873 "
MANSFIELD,01670000,"4,487.10","$52,333,628 ","$5,267,158 ","$57,600,786 ","$12,837 "
MARBLEHEAD,01680000,"3,500.20","$41,326,244 ","$4,938,859 ","$46,265,103 ","$13,218 "
MARION,01690000,463.6,"$6,376,595 ","$545,254 ","$6,921,849 ","$14,931 "
MARLBOROUGH,01700000,"5,156.00","$70,236,369 ","$7,006,829 ","$77,243,198 ","$14,981 "
MARSHFIELD,01710000,"4,477.00","$48,324,088 ","$5,160,411 ","$53,484,499 ","$11,947 "
MARTHAS VINEYARD,07000000,730.4,"$16,954,475 ","$2,091,249 ","$19,045,724 ","$26,076 "
MASCONOMET,07050000,"2,060.20","$27,289,086 ","$2,101,008 ","$29,390,094 ","$14,266 "
MASHPEE,01720000,"1,818.30","$26,639,384 ","$2,222,575 ","$28,861,959 ","$15,873 "
MATTAPOISETT,01730000,521.4,"$7,578,617 ","$476,404 ","$8,055,021 ","$15,449 "
MAYNARD,01740000,"1,485.40","$18,987,473 ","$2,014,282 ","$21,001,755 ","$14,139 "
MEDFIELD,01750000,"2,688.30","$32,486,298 ","$2,662,366 ","$35,148,664 ","$13,075 "
MEDFORD,01760000,"4,981.50","$65,982,932 ","$7,411,227 ","$73,394,159 ","$14,733 "
MEDWAY,01770000,"2,536.00","$28,774,825 ","$3,247,659 ","$32,022,484 ","$12,627 "
MELROSE,01780000,"3,978.60","$38,197,011 ","$9,208,255 ","$47,405,266 ","$11,915 "
MENDON UPTON,07100000,"2,515.70","$28,804,647 ","$4,038,410 ","$32,843,057 ","$13,055 "
METHUEN,01810000,"7,152.60","$78,561,045 ","$10,712,161 ","$89,273,206 ","$12,481 "
MIDDLEBOROUGH,01820000,"3,294.90","$38,258,704 ","$4,162,967 ","$42,421,671 ","$12,875 "
MIDDLETON,01840000,773,"$9,764,190 ","$965,743 ","$10,729,933 ","$13,881 "
MILFORD,01850000,"4,405.90","$50,549,422 ","$6,273,843 ","$56,823,265 ","$12,897 "
MILLBURY,01860000,"1,781.50","$23,919,894 ","$2,084,368 ","$26,004,262 ","$14,597 "
MILLIS,01870000,"1,463.40","$15,734,082 ","$2,432,227 ","$18,166,309 ","$12,414 "
MILTON,01890000,"3,993.20","$47,130,836 ","$6,773,652 ","$53,904,488 ","$13,499 "
MINUTEMAN,08300000,731.2,"$17,238,110 ","$2,159,511 ","$19,397,621 ","$26,528 "
MOHAWK TRAIL,07170000,"1,084.10","$16,017,865 ","$2,285,240 ","$18,303,105 ","$16,883 "
MONOMOY,07120000,,"$30,240,668 ","$3,848,729 ","$34,089,397 ","$15,761 "
MONSON,01910000,"1,239.60","$14,567,691 ","$1,587,285 ","$16,154,976 ","$13,032 "
MONTACHUSETT,08320000,"1,449.90","$23,272,037 ","$3,246,754 ","$26,518,791 ","$18,290 "
MOUNT GREYLOCK,07150000,597.8,"$10,107,236 ","$952,810 ","$11,060,046 ","$18,501 "
NAHANT,01960000,335.1,"$3,918,781 ","$424,755 ","$4,343,536 ","$12,962 "
NANTUCKET,01970000,"1,495.00","$28,365,203 ","$1,553,470 ","$29,918,673 ","$20,012 "
NARRAGANSETT,07200000,"1,496.40","$18,280,472 ","$2,607,057 ","$20,887,529 ","$13,959 "
NASHOBA,07250000,"3,560.50","$43,219,143 ","$5,377,544 ","$48,596,687 ","$13,649 "
NASHOBA VALLEY,08520000,728.2,"$10,888,834 ","$882,359 ","$11,771,193 ","$16,165 "
NATICK,01980000,"5,440.30","$64,084,269 ","$9,630,287 ","$73,714,556 ","$13,550 "
NAUSET,06600000,"1,709.10","$26,136,530 ","$4,153,347 ","$30,289,877 ","$17,723 "
NEEDHAM,01990000,"5,608.60","$74,047,850 ","$10,192,592 ","$84,240,442 ","$15,020 "
NEW BEDFORD,02010000,"13,537.30","$149,890,309 ","$23,276,517 ","$173,166,826 ","$12,792 "
NEW SALEM WENDELL,07280000,138.7,"$1,831,185 ","$482,591 ","$2,313,776 ","$16,682 "
NEWBURYPORT,02040000,"2,601.50","$31,676,500 ","$4,933,970 ","$36,610,470 ","$14,073 "
NEWTON,02070000,"12,623.10","$198,109,084 ","$23,813,543 ","$221,922,627 ","$17,581 "
NORFOLK,02080000,936.1,"$11,458,044 ","$1,485,447 ","$12,943,491 ","$13,827 "
NORFOLK COUNTY,09150000,459.7,"$9,950,256 ","$260,889 ","$10,211,145 ","$22,213 "
NORTH ADAMS,02090000,"1,693.60","$21,668,965 ","$4,555,004 ","$26,223,969 ","$15,484 "
NORTH ANDOVER,02110000,"4,886.20","$51,359,971 ","$6,734,176 ","$58,094,147 ","$11,889 "
NORTH ATTLEBOROUGH,02120000,"4,724.60","$46,957,998 ","$4,531,269 ","$51,489,267 ","$10,898 "
NORTH BROOKFIELD,02150000,698.8,"$7,842,220 ","$1,148,131 ","$8,990,351 ","$12,865 "
NORTH MIDDLESEX,07350000,"3,625.60","$43,510,218 ","$4,156,807 ","$47,667,025 ","$13,147 "
NORTH READING,02170000,"2,640.20","$31,765,250 ","$3,325,688 ","$35,090,938 ","$13,291 "
NORTH SHORE,08540000,466.4,"$10,533,542 ","$1,067,658 ","$11,601,200 ","$24,874 "
NORTHAMPTON,02100000,"3,039.50","$35,548,288 ","$4,567,813 ","$40,116,101 ","$13,198 "
NORTHAMPTON SMITH,04060000,411.9,"$8,183,940 ","$921,449 ","$9,105,389 ","$22,106 "
NORTHBORO SOUTHBORO,07300000,"1,488.90","$18,690,238 ","$2,285,938 ","$20,976,176 ","$14,088 "
NORTHBOROUGH,02130000,"1,850.40","$25,067,536 ","$1,651,572 ","$26,719,108 ","$14,440 "
NORTHBRIDGE,02140000,"2,676.80","$27,757,642 ","$4,727,472 ","$32,485,114 ","$12,136 "
NORTHEAST METROPOLITAN,08530000,"1,234.80","$21,658,356 ","$3,636,986 ","$25,295,342 ","$20,485 "
NORTHERN BERKSHIRE,08510000,494.1,"$8,364,940 ","$1,357,061 ","$9,722,001 ","$19,676 "
NORTON,02180000,"2,895.20","$32,128,445 ","$3,627,978 ","$35,756,423 ","$12,350 "
NORWELL,02190000,"2,273.80","$28,995,158 ","$2,945,141 ","$31,940,299 ","$14,047 "
NORWOOD,02200000,"3,497.30","$45,671,133 ","$6,920,050 ","$52,591,183 ","$15,038 "
OAK BLUFFS,02210000,450.3,"$8,295,078 ","$553,135 ","$8,848,213 ","$19,650 "
OLD COLONY,08550000,565.7,"$9,989,563 ","$484,346 ","$10,473,909 ","$18,515 "
OLD ROCHESTER,07400000,"1,223.80","$15,271,372 ","$1,808,488 ","$17,079,860 ","$13,956 "
ORANGE,02230000,705.9,"$7,528,454 ","$1,357,659 ","$8,886,113 ","$12,588 "
ORLEANS,02240000,220.8,"$4,739,013 ","$371,807 ","$5,110,820 ","$23,147 "
OXFORD,02260000,"1,979.30","$22,482,378 ","$3,390,172 ","$25,872,550 ","$13,072 "
PALMER,02270000,"1,536.50","$19,394,044 ","$2,031,917 ","$21,425,961 ","$13,945 "
PATHFINDER,08600000,620.5,"$12,718,151 ","$1,326,481 ","$14,044,632 ","$22,634 "
PEABODY,02290000,"6,387.40","$75,679,020 ","$9,190,825 ","$84,869,845 ","$13,287 "
PELHAM,02300000,135.1,"$1,503,932 ","$659,952 ","$2,163,884 ","$16,017 "
PEMBROKE,02310000,"3,380.30","$33,867,379 ","$3,608,200 ","$37,475,579 ","$11,086 "
PENTUCKET,07450000,"2,909.10","$33,522,763 ","$3,890,399 ","$37,413,162 ","$12,861 "
PETERSHAM,02340000,117.2,"$1,413,462 ","$441,352 ","$1,854,814 ","$15,826 "
PIONEER,07500000,992.6,"$14,407,177 ","$2,016,369 ","$16,423,546 ","$16,546 "
PITTSFIELD,02360000,"6,496.70","$78,210,618 ","$11,148,907 ","$89,359,525 ","$13,755 "
PLAINVILLE,02380000,774.6,"$9,473,343 ","$945,527 ","$10,418,870 ","$13,451 "
PLYMOUTH,02390000,"8,422.20","$108,456,921 ","$9,911,032 ","$118,367,953 ","$14,054 "
PLYMPTON,02400000,247.7,"$3,530,969 ","$115,915 ","$3,646,884 ","$14,723 "
PROVINCETOWN,02420000,174.4,"$4,906,233 ","$435,028 ","$5,341,261 ","$30,626 "
QUABBIN,07530000,"2,621.30","$30,548,460 ","$4,713,109 ","$35,261,569 ","$13,452 "
QUABOAG,07780000,"1,490.60","$14,938,059 ","$2,614,754 ","$17,552,813 ","$11,776 "
QUINCY,02430000,"9,348.60","$132,531,590 ","$12,539,729 ","$145,071,319 ","$15,518 "
RALPH C MAHAR,07550000,906.1,"$11,057,956 ","$2,013,429 ","$13,071,385 ","$14,426 "
RANDOLPH,02440000,"3,423.60","$49,165,317 ","$4,840,071 ","$54,005,388 ","$15,774 "
READING,02460000,"4,458.40","$46,524,475 ","$6,117,250 ","$52,641,725 ","$11,807 "
REVERE,02480000,"7,046.70","$84,882,958 ","$14,380,228 ","$99,263,186 ","$14,086 "
RICHMOND,02490000,229.7,"$3,274,250 ","$233,682 ","$3,507,932 ","$15,272 "
ROCHESTER,02500000,506.2,"$6,300,956 ","$376,926 ","$6,677,882 ","$13,192 "
ROCKLAND,02510000,"2,410.10","$28,245,883 ","$4,841,436 ","$33,087,319 ","$13,729 "
ROCKPORT,02520000,"1,014.80","$13,620,950 ","$1,992,857 ","$15,613,807 ","$15,386 "
ROWE,02530000,88.3,"$1,666,846 ","$191,574 ","$1,858,420 ","$21,047 "
SALEM,02580000,"4,789.00","$70,110,622 ","$9,965,747 ","$80,076,369 ","$16,721 "
SANDWICH,02610000,"3,310.20","$41,694,861 ","$5,041,647 ","$46,736,508 ","$14,119 "
SAUGUS,02620000,"2,999.60","$36,466,086 ","$3,825,779 ","$40,291,865 ","$13,432 "
SAVOY,02630000,82.9,"$1,087,991 ","$41,191 ","$1,129,182 ","$13,621 "
SCITUATE,02640000,"3,154.80","$37,474,215 ","$4,510,705 ","$41,984,920 ","$13,308 "
SEEKONK,02650000,"2,084.50","$26,375,588 ","$1,925,027 ","$28,300,615 ","$13,577 "
SHARON,02660000,"3,556.20","$46,892,280 ","$6,526,565 ","$53,418,845 ","$15,021 "
SHAWSHEEN VALLEY,08710000,"1,369.90","$23,903,321 ","$1,648,307 ","$25,551,628 ","$18,652 "
SHERBORN,02690000,396.6,"$6,582,371 ","$706,422 ","$7,288,793 ","$18,378 "
SHREWSBURY,02710000,"6,283.60","$65,859,087 ","$8,727,195 ","$74,586,282 ","$11,870 "
SHUTESBURY,02720000,170,"$2,274,196 ","$357,022 ","$2,631,218 ","$15,478 "
SILVER LAKE,07600000,"1,899.40","$22,006,098 ","$3,968,333 ","$25,974,431 ","$13,675 "
SOMERSET,02730000,"1,883.60","$23,887,378 ","$1,376,194 ","$25,263,572 ","$13,412 "
SOMERSET BERKLEY,07630000,967.8,"$13,050,561 ","$899,425 ","$13,949,986 ","$14,414 "
SOMERVILLE,02740000,"5,395.30","$84,573,262 ","$9,458,687 ","$94,031,949 ","$17,428 "
SOUTH HADLEY,02780000,"2,119.70","$25,726,886 ","$3,262,755 ","$28,989,641 ","$13,676 "
SOUTH MIDDLESEX,08290000,674,"$15,529,733 ","$1,734,713 ","$17,264,446 ","$25,615 "
SOUTH SHORE,08730000,596.6,"$10,821,559 ","$1,272,270 ","$12,093,829 ","$20,271 "
SOUTHAMPTON,02750000,590.2,"$5,446,296 ","$726,111 ","$6,172,407 ","$10,458 "
SOUTHBOROUGH,02760000,"1,407.40","$21,205,418 ","$1,763,827 ","$22,969,245 ","$16,320 "
SOUTHBRIDGE,02770000,"2,492.20","$29,818,887 ","$4,116,975 ","$33,935,862 ","$13,617 "
SOUTHEASTERN,08720000,"1,321.80","$22,161,132 ","$5,292,479 ","$27,453,611 ","$20,770 "
SOUTHERN BERKSHIRE,07650000,909.3,"$13,868,160 ","$1,978,983 ","$15,847,143 ","$17,428 "
SOUTHERN WORCESTER,08760000,"1,095.50","$17,694,046 ","$1,396,796 ","$19,090,842 ","$17,427 "
SOUTHWICK TOLLAND,07660000,"1,803.40","$20,932,619 ","$2,049,932 ","$22,982,551 ","$12,744 "
SPENCER EAST BROOKFIELD,07670000,"2,009.50","$22,390,620 ","$2,542,983 ","$24,933,603 ","$12,408 "
SPRINGFIELD,02810000,"28,994.30","$368,236,341 ","$70,699,993 ","$438,936,334 ","$15,139 "
STONEHAM,02840000,"2,487.00","$32,300,504 ","$3,802,122 ","$36,102,626 ","$14,517 "
STOUGHTON,02850000,"3,751.80","$46,543,761 ","$4,631,130 ","$51,174,891 ","$13,640 "
STURBRIDGE,02870000,997.6,"$10,628,663 ","$1,521,447 ","$12,150,110 ","$12,179 "
SUDBURY,02880000,"2,957.70","$37,773,302 ","$4,363,072 ","$42,136,374 ","$14,246 "
SUNDERLAND,02890000,222.6,"$2,409,871 ","$391,196 ","$2,801,067 ","$12,583 "
SUTTON,02900000,"1,576.10","$16,218,634 ","$2,049,077 ","$18,267,711 ","$11,590 "
SWAMPSCOTT,02910000,"2,354.90","$31,039,397 ","$3,814,050 ","$34,853,447 ","$14,800 "
SWANSEA,02920000,"2,098.60","$22,778,965 ","$2,961,705 ","$25,740,670 ","$12,266 "
TANTASQUA,07700000,"1,788.30","$20,300,341 ","$2,598,949 ","$22,899,290 ","$12,805 "
TAUNTON,02930000,"8,101.90","$84,534,863 ","$12,617,452 ","$97,152,315 ","$11,991 "
TEWKSBURY,02950000,"3,905.60","$47,805,712 ","$5,968,380 ","$53,774,092 ","$13,768 "
TISBURY,02960000,398.7,"$8,068,649 ","$403,296 ","$8,471,945 ","$21,249 "
TOPSFIELD,02980000,612.6,"$7,995,352 ","$934,664 ","$8,930,016 ","$14,577 "
TRI COUNTY,08780000,"1,059.40","$15,588,374 ","$2,249,470 ","$17,837,844 ","$16,838 "
TRITON,07730000,"2,947.50","$35,966,116 ","$5,917,167 ","$41,883,283 ","$14,210 "
TRURO,03000000,232.4,"$5,063,782 ","$525,694 ","$5,589,476 ","$24,051 "
TYNGSBOROUGH,03010000,"1,934.40","$21,509,682 ","$2,613,334 ","$24,123,016 ","$12,471 "
UPISLAND,07740000,408.5,"$9,712,093 ","$627,729 ","$10,339,822 ","$25,312 "
UPPER CAPE COD,08790000,690.3,"$13,450,379 ","$1,242,624 ","$14,693,003 ","$21,285 "
UXBRIDGE,03040000,"2,094.90","$24,326,972 ","$1,360,864 ","$25,687,836 ","$12,262 "
WACHUSETT,07750000,"7,601.30","$75,189,548 ","$9,417,086 ","$84,606,634 ","$11,131 "
WAKEFIELD,03050000,"3,451.60","$39,831,395 ","$4,938,699 ","$44,770,094 ","$12,971 "
WALES,03060000,168.5,"$1,955,465 ","$199,224 ","$2,154,689 ","$12,787 "
WALPOLE,03070000,"4,049.20","$46,955,075 ","$7,713,217 ","$54,668,292 ","$13,501 "
WALTHAM,03080000,"5,327.00","$96,476,807 ","$7,409,092 ","$103,885,899 ","$19,502 "
WARE,03090000,"1,445.50","$16,467,789 ","$1,960,987 ","$18,428,776 ","$12,749 "
WAREHAM,03100000,"2,914.60","$36,030,547 ","$5,250,774 ","$41,281,321 ","$14,164 "
WATERTOWN,03140000,"2,815.90","$42,815,887 ","$5,877,455 ","$48,693,342 ","$17,292 "
WAYLAND,03150000,"2,729.10","$40,047,060 ","$4,833,718 ","$44,880,778 ","$16,445 "
WEBSTER,03160000,"2,015.40","$23,052,679 ","$3,592,786 ","$26,645,465 ","$13,221 "
WELLESLEY,03170000,"5,064.00","$77,609,632 ","$9,024,328 ","$86,633,960 ","$17,108 "
WELLFLEET,03180000,135.5,"$3,192,746 ","$177,031 ","$3,369,777 ","$24,869 "
WEST BOYLSTON,03220000,"1,045.80","$13,346,529 ","$1,448,009 ","$14,794,538 ","$14,147 "
WEST BRIDGEWATER,03230000,"1,357.00","$12,348,246 ","$2,577,328 ","$14,925,574 ","$10,999 "
WEST SPRINGFIELD,03320000,"4,051.00","$47,250,348 ","$6,044,268 ","$53,294,616 ","$13,156 "
WESTBOROUGH,03210000,"3,637.60","$50,035,975 ","$3,568,636 ","$53,604,611 ","$14,736 "
WESTFIELD,03250000,"5,811.30","$70,423,150 ","$7,904,103 ","$78,327,253 ","$13,478 "
WESTFORD,03260000,"5,216.60","$58,717,821 ","$6,641,422 ","$65,359,243 ","$12,529 "
WESTHAMPTON,03270000,163.5,"$2,159,331 ","$193,961 ","$2,353,292 ","$14,393 "
WESTON,03300000,"2,343.40","$45,941,005 ","$4,799,453 ","$50,740,458 ","$21,652 "
WESTPORT,03310000,"1,647.20","$18,709,946 ","$2,518,895 ","$21,228,841 ","$12,888 "
WESTWOOD,03350000,"3,196.50","$42,687,978 ","$6,337,101 ","$49,025,079 ","$15,337 "
WEYMOUTH,03360000,"6,902.60","$78,341,421 ","$11,285,310 ","$89,626,731 ","$12,984 "
WHATELY,03370000,155.3,"$1,978,035 ","$392,646 ","$2,370,681 ","$15,265 "
WHITMAN HANSON,07800000,"4,227.40","$41,706,110 ","$5,328,679 ","$47,034,789 ","$11,126 "
WHITTIER,08850000,"1,251.50","$19,863,195 ","$2,845,237 ","$22,708,432 ","$18,145 "
WILLIAMSBURG,03400000,198.6,"$2,583,460 ","$268,761 ","$2,852,221 ","$14,362 "
WILLIAMSTOWN,03410000,438.6,"$5,518,574 ","$1,055,004 ","$6,573,578 ","$14,988 "
WILMINGTON,03420000,"3,590.70","$47,553,323 ","$5,100,505 ","$52,653,828 ","$14,664 "
WINCHENDON,03430000,"1,534.30","$16,218,751 ","$2,612,067 ","$18,830,818 ","$12,273 "
WINCHESTER,03440000,"4,494.60","$50,958,339 ","$5,578,207 ","$56,536,546 ","$12,579 "
WINTHROP,03460000,"2,010.50","$22,128,031 ","$2,621,603 ","$24,749,634 ","$12,310 "
WOBURN,03470000,"4,956.30","$68,527,051 ","$6,106,956 ","$74,634,007 ","$15,058 "
WORCESTER,03480000,"27,906.00","$330,638,928 ","$54,291,298 ","$384,930,226 ","$13,794 "
WRENTHAM,03500000,"1,125.60","$12,347,244 ","$1,447,109 ","$13,794,353 ","$12,255 "
MASSACHUSETTS TOTAL,00000000,"982,469.60","$12,634,791,177 ","$1,628,266,183 ","$14,263,057,360 ","$14,518 "
