Org Name,Org Code,Subject,P+A #,P+A %,A #,A %,P #,P %,NI #,NI %,W/F #,W/F %,Stud. Incl. #,CPI,SGP,Incl. in SGP(#)
Abby Kelley Foster Charter Public (District),4450000,ELA,86,99,44,51,42,48,1,1,0,0,87,99.4,73,87
Abby Kelley Foster Charter Public (District),4450000,MTH,70,81,50,58,20,23,11,13,5,6,86,91.3,65,85
Abby Kelley Foster Charter Public (District),4450000,SCI,72,83,27,31,45,52,15,17,0,0,87,94.3,N/A,N/A
Abington,10000,ELA,90,92,50,51,40,41,7,7,1,1,98,97.4,49,89
Abington,10000,MTH,83,86,48,50,35,36,11,11,2,2,96,94.5,44,87
Abington,10000,SCI,67,78,16,19,51,59,17,20,2,2,86,91.3,N/A,N/A
Academy Of the Pacific Rim Charter Public,4120000,ELA,55,100,40,73,15,27,0,0,0,0,55,100,58,52
Academy Of the Pacific Rim Charter Public,4120000,MTH,53,96,42,76,11,20,2,4,0,0,55,99.1,40,51
Academy Of the Pacific Rim Charter Public,4120000,SCI,47,84,15,27,32,57,9,16,0,0,56,94.6,N/A,N/A
Acton-Boxborough,6000000,ELA,450,97,364,78,86,18,10,2,6,1,466,98.9,60,438
Acton-Boxborough,6000000,MTH,445,95,400,85,45,10,13,3,11,2,469,97.7,62,438
Acton-Boxborough,6000000,SCI,431,95,304,67,127,28,16,4,6,1,453,98.1,N/A,N/A
Adams-Cheshire,6030000,ELA,70,85,34,41,36,44,10,12,2,2,82,94.5,42,73
Adams-Cheshire,6030000,MTH,58,70,27,33,31,37,14,17,11,13,83,85.8,24,73
Adams-Cheshire,6030000,SCI,36,44,8,10,28,35,37,46,8,10,81,76.2,N/A,N/A
Advanced Math and Science Academy Charter (District),4300000,ELA,136,100,111,82,25,18,0,0,0,0,136,100,73,136
Advanced Math and Science Academy Charter (District),4300000,MTH,136,100,125,92,11,8,0,0,0,0,136,100,84,134
Advanced Math and Science Academy Charter (District),4300000,SCI,136,99,96,70,40,29,2,1,0,0,138,99.6,N/A,N/A
Agawam,50000,ELA,299,90,145,43,154,46,25,7,10,3,334,96.6,52.5,298
Agawam,50000,MTH,262,78,168,50,94,28,46,14,27,8,335,90.6,45,297
Agawam,50000,SCI,202,64,54,17,148,47,99,31,17,5,318,85,N/A,N/A
Amesbury,70000,ELA,148,92,101,63,47,29,5,3,8,5,161,96.1,66,138
Amesbury,70000,MTH,135,84,110,68,25,16,14,9,12,7,161,92.1,58.5,136
Amesbury,70000,SCI,119,79,45,30,74,49,24,16,7,5,150,91.8,N/A,N/A
Amherst-Pelham,6050000,ELA,217,94,136,59,81,35,9,4,4,2,230,97.9,49,190
Amherst-Pelham,6050000,MTH,197,87,160,70,37,16,18,8,12,5,227,93.9,55.5,186
Amherst-Pelham,6050000,SCI,189,90,81,38,108,51,18,9,4,2,211,96.3,N/A,N/A
Andover,90000,ELA,470,98,343,71,127,26,6,1,5,1,481,99.4,45,429
Andover,90000,MTH,447,93,383,79,64,13,23,5,13,3,483,97,57,429
Andover,90000,SCI,381,82,163,35,218,47,80,17,5,1,466,93.9,N/A,N/A
Arlington,100000,ELA,271,95,214,75,57,20,7,2,7,2,285,98.2,48.5,246
Arlington,100000,MTH,256,90,214,76,42,15,15,5,12,4,283,95.8,50,245
Arlington,100000,SCI,224,84,101,38,123,46,37,14,6,2,267,94.6,N/A,N/A
Ashburnham-Westminster,6100000,ELA,170,93,92,51,78,43,9,5,3,2,182,97.8,40.5,160
Ashburnham-Westminster,6100000,MTH,151,84,103,57,48,27,21,12,8,4,180,93.3,47,159
Ashburnham-Westminster,6100000,SCI,140,81,59,34,81,47,28,16,5,3,173,92.8,N/A,N/A
Ashland,140000,ELA,183,95,133,69,50,26,5,3,4,2,192,98.2,58.5,174
Ashland,140000,MTH,180,93,145,75,35,18,9,5,4,2,193,97.4,65,176
Ashland,140000,SCI,157,87,59,33,98,54,21,12,2,1,180,95.3,N/A,N/A
Assabet Valley Regional Vocational Technical,8010000,ELA,259,96,70,26,189,70,12,4,0,0,271,98.5,40,260
Assabet Valley Regional Vocational Technical,8010000,MTH,205,75,98,36,107,39,55,20,13,5,273,90,50,262
Assabet Valley Regional Vocational Technical,8010000,SCI,216,85,61,24,155,61,35,14,3,1,254,94.4,N/A,N/A
Athol-Royalston,6150000,ELA,78,86,21,23,57,63,10,11,3,3,91,94.5,43,72
Athol-Royalston,6150000,MTH,48,53,27,30,21,23,31,34,11,12,90,78.3,39,71
Athol-Royalston,6150000,SCI,42,56,11,15,31,41,27,36,6,8,75,80.7,N/A,N/A
Attleboro,160000,ELA,381,92,195,47,186,45,24,6,10,2,415,97.3,53,356
Attleboro,160000,MTH,322,78,227,55,95,23,60,14,32,8,414,90,36.5,354
Attleboro,160000,SCI,244,65,51,14,193,51,117,31,15,4,376,86.8,N/A,N/A
Auburn,170000,ELA,153,98,87,56,66,42,1,1,2,1,156,99.2,44.5,150
Auburn,170000,MTH,143,92,81,52,62,40,10,6,2,1,155,97.9,41,149
Auburn,170000,SCI,123,85,47,32,76,52,20,14,2,1,145,95.2,N/A,N/A
Avon,180000,ELA,46,96,35,73,11,23,2,4,0,0,48,99,93,39
Avon,180000,MTH,37,77,21,44,16,33,8,17,3,6,48,90.1,48,39
Avon,180000,SCI,30,67,8,18,22,49,15,33,0,0,45,87.2,N/A,N/A
Ayer Shirley School District,6160000,ELA,80,89,42,47,38,42,9,10,1,1,90,96.7,51,81
Ayer Shirley School District,6160000,MTH,65,73,46,52,19,21,15,17,9,10,89,87.4,36,81
Ayer Shirley School District,6160000,SCI,59,70,12,14,47,56,18,21,7,8,84,87.2,N/A,N/A
Barnstable,200000,ELA,333,93,201,56,132,37,15,4,10,3,358,97.4,58,287
Barnstable,200000,MTH,288,80,200,55,88,24,44,12,29,8,361,90.2,43,290
Barnstable,200000,SCI,253,78,76,24,177,55,60,19,10,3,323,91.7,N/A,N/A
Bedford,230000,ELA,219,97,152,68,67,30,4,2,2,1,225,99.2,63,186
Bedford,230000,MTH,194,87,153,68,41,18,19,8,11,5,224,93.4,52.5,184
Bedford,230000,SCI,173,84,83,40,90,44,28,14,4,2,205,93.5,N/A,N/A
Belchertown,240000,ELA,167,98,106,62,61,36,4,2,0,0,171,99.4,66.5,166
Belchertown,240000,MTH,157,93,105,62,52,31,10,6,2,1,169,97.2,70,163
Belchertown,240000,SCI,151,92,63,38,88,53,14,8,0,0,165,97.3,N/A,N/A
Bellingham,250000,ELA,131,93,61,43,70,50,6,4,4,3,141,96.6,35,128
Bellingham,250000,MTH,110,79,71,51,39,28,16,12,13,9,139,89.4,46,127
Bellingham,250000,SCI,100,79,33,26,67,53,23,18,3,2,126,91.3,N/A,N/A
Belmont,260000,ELA,299,97,234,76,65,21,7,2,1,0,307,99.1,42,255
Belmont,260000,MTH,292,96,259,85,33,11,10,3,2,1,304,98.3,55,254
Belmont,260000,SCI,270,94,183,64,87,30,14,5,2,1,286,97.8,N/A,N/A
Berkshire Arts and Technology Charter Public,4140000,ELA,20,100,13,65,7,35,0,0,0,0,20,100,52.5,20
Berkshire Arts and Technology Charter Public,4140000,MTH,20,100,13,65,7,35,0,0,0,0,20,100,41,20
Berkshire Arts and Technology Charter Public,4140000,SCI,17,94,5,28,12,67,1,6,0,0,18,98.6,N/A,N/A
Berkshire Hills,6180000,ELA,131,95,71,51,60,43,6,4,1,1,138,97.8,41,113
Berkshire Hills,6180000,MTH,112,81,71,51,41,29,17,12,10,7,139,89.9,49,115
Berkshire Hills,6180000,SCI,93,70,34,26,59,44,38,29,2,2,133,87.4,N/A,N/A
Berlin-Boylston,6200000,ELA,84,98,63,73,21,24,0,0,2,2,86,99.7,71,77
Berlin-Boylston,6200000,MTH,78,92,64,75,14,16,5,6,2,2,85,97.9,60.5,76
Berlin-Boylston,6200000,SCI,75,91,36,44,39,48,5,6,2,2,82,97.3,N/A,N/A
Beverly,300000,ELA,301,91,175,53,126,38,24,7,6,2,331,96.5,42.5,276
Beverly,300000,MTH,260,79,173,52,87,26,45,14,26,8,331,89.5,32,277
Beverly,300000,SCI,258,81,125,39,133,42,50,16,9,3,317,92.6,N/A,N/A
Billerica,310000,ELA,280,92,154,50,126,41,18,6,8,3,306,96.8,42,272
Billerica,310000,MTH,228,74,159,52,69,22,53,17,27,9,308,88.2,41,269
Billerica,310000,SCI,231,79,124,42,107,37,51,17,10,3,292,91.1,N/A,N/A
Blackstone Valley Regional Vocational Technical,8050000,ELA,291,100,177,61,114,39,0,0,1,0,292,99.7,54,287
Blackstone Valley Regional Vocational Technical,8050000,MTH,276,94,192,66,84,29,17,6,0,0,293,98,57,288
Blackstone Valley Regional Vocational Technical,8050000,SCI,260,92,120,43,140,50,21,7,1,0,282,97.6,N/A,N/A
Blackstone-Millville,6220000,ELA,114,97,67,57,47,40,4,3,0,0,118,99.2,62,106
Blackstone-Millville,6220000,MTH,102,88,69,59,33,28,12,10,2,2,116,95.5,41,105
Blackstone-Millville,6220000,SCI,99,88,28,25,71,63,11,10,2,2,112,96,N/A,N/A
Blue Hills Regional Vocational Technical,8060000,ELA,219,98,83,37,136,61,5,2,0,0,224,99.3,48,196
Blue Hills Regional Vocational Technical,8060000,MTH,179,80,92,41,87,39,39,17,6,3,224,91.9,49,197
Blue Hills Regional Vocational Technical,8060000,SCI,177,82,41,19,136,63,36,17,2,1,215,93.4,N/A,N/A
Boston,350000,ELA,2846,82,1050,30,1796,52,446,13,188,5,3480,93.1,52,2650
Boston,350000,MTH,2326,67,1451,42,875,25,641,18,508,15,3475,83.4,53,2683
Boston,350000,SCI,1592,50,477,15,1115,35,1184,37,412,13,3188,77.1,N/A,N/A
Boston Collegiate Charter,4490000,ELA,78,100,53,68,25,32,0,0,0,0,78,100,44,75
Boston Collegiate Charter,4490000,MTH,76,97,61,78,15,19,2,3,0,0,78,99,52,75
Boston Collegiate Charter,4490000,SCI,75,95,53,67,22,28,4,5,0,0,79,98.4,N/A,N/A
Boston Day and Evening Academy Charter,4240000,ELA,23,88,6,23,17,65,3,12,0,0,26,96.2,N/A,3
Boston Day and Evening Academy Charter,4240000,MTH,15,56,5,19,10,37,8,30,4,15,27,78.7,N/A,4
Boston Day and Evening Academy Charter,4240000,SCI,2,20,0,0,2,20,7,70,1,10,10,62.5,N/A,N/A
Boston Green Academy Horace Mann Charter School,4110000,ELA,55,74,6,8,49,66,12,16,7,9,74,90.5,43.5,62
Boston Green Academy Horace Mann Charter School,4110000,MTH,42,57,15,20,27,36,22,30,10,14,74,78,36.5,62
Boston Green Academy Horace Mann Charter School,4110000,SCI,13,22,0,0,13,22,37,63,9,15,59,65.7,N/A,N/A
Boston Preparatory Charter Public,4160000,ELA,51,98,32,62,19,37,1,2,0,0,52,99,55,43
Boston Preparatory Charter Public,4160000,MTH,48,92,38,73,10,19,4,8,0,0,52,97.1,67,43
Boston Preparatory Charter Public,4160000,SCI,47,92,17,33,30,59,4,8,0,0,51,97.1,N/A,N/A
Bourne,360000,ELA,90,96,34,36,56,60,4,4,0,0,94,98.7,44,80
Bourne,360000,MTH,78,83,41,44,37,39,11,12,5,5,94,91.8,54,81
Bourne,360000,SCI,62,76,15,18,47,57,18,22,2,2,82,90.2,N/A,N/A
Braintree,400000,ELA,371,97,248,65,123,32,7,2,3,1,381,99.3,47,350
Braintree,400000,MTH,352,92,266,69,86,22,26,7,6,2,384,97.4,36,354
Braintree,400000,SCI,322,88,143,39,179,49,38,10,6,2,366,95.7,N/A,N/A
Bridgewater-Raynham,6250000,ELA,361,95,183,48,178,47,16,4,2,1,379,98.4,36,353
Bridgewater-Raynham,6250000,MTH,312,82,221,58,91,24,39,10,29,8,380,90.8,53,353
Bridgewater-Raynham,6250000,SCI,274,76,89,25,185,51,81,22,7,2,362,90.8,N/A,N/A
Bristol County Agricultural,9100000,ELA,112,97,50,43,62,54,3,3,0,0,115,99.1,34,110
Bristol County Agricultural,9100000,MTH,100,86,59,51,41,35,12,10,4,3,116,93.8,32,112
Bristol County Agricultural,9100000,SCI,99,87,33,29,66,58,14,12,1,1,114,95.4,N/A,N/A
Bristol-Plymouth Regional Vocational Technical,8100000,ELA,305,93,121,37,184,56,21,6,1,0,327,97.8,43,312
Bristol-Plymouth Regional Vocational Technical,8100000,MTH,258,78,155,47,103,31,57,17,14,4,329,90.8,65,312
Bristol-Plymouth Regional Vocational Technical,8100000,SCI,206,66,30,10,176,56,102,33,4,1,312,86.9,N/A,N/A
Brockton,440000,ELA,881,83,337,32,544,51,116,11,69,6,1066,94.1,60,785
Brockton,440000,MTH,644,60,348,33,296,28,236,22,186,17,1066,80.9,53,807
Brockton,440000,SCI,533,57,92,10,441,47,290,31,114,12,937,81.3,N/A,N/A
Brookline,460000,ELA,444,97,335,73,109,24,9,2,3,1,456,98.8,63,379
Brookline,460000,MTH,422,93,353,78,69,15,20,4,13,3,455,96.4,57,376
Brookline,460000,SCI,366,86,236,56,130,31,48,11,11,3,425,94,N/A,N/A
Burlington,480000,ELA,247,95,152,58,95,37,8,3,5,2,260,98.8,52.5,226
Burlington,480000,MTH,228,88,159,61,69,27,22,8,9,3,259,95.9,49,235
Burlington,480000,SCI,189,77,71,29,118,48,51,21,4,2,244,92.4,N/A,N/A
Cambridge,490000,ELA,399,88,239,53,160,35,43,10,10,2,452,96.2,50,337
Cambridge,490000,MTH,377,84,286,64,91,20,45,10,28,6,450,92.4,60,343
Cambridge,490000,SCI,293,72,167,41,126,31,93,23,22,5,408,87.8,N/A,N/A
Canton,500000,ELA,211,96,151,69,60,27,7,3,1,0,219,98.6,60,191
Canton,500000,MTH,192,87,157,71,35,16,18,8,11,5,221,93.2,55,195
Canton,500000,SCI,166,86,93,48,73,38,27,14,1,1,194,94.7,N/A,N/A
Cape Cod Regional Vocational Technical,8150000,ELA,140,89,29,18,111,71,17,11,0,0,157,96.8,40,144
Cape Cod Regional Vocational Technical,8150000,MTH,119,77,59,38,60,39,27,18,8,5,154,90.1,63,142
Cape Cod Regional Vocational Technical,8150000,SCI,96,69,18,13,78,56,37,27,6,4,139,88.1,N/A,N/A
Carver,520000,ELA,106,95,47,42,59,53,5,5,0,0,111,98.4,53.5,104
Carver,520000,MTH,89,82,55,50,34,31,15,14,5,5,109,92.2,52.5,102
Carver,520000,SCI,56,53,16,15,40,38,44,42,5,5,105,80,N/A,N/A
Central Berkshire,6350000,ELA,131,92,74,52,57,40,7,5,5,3,143,96.7,59.5,120
Central Berkshire,6350000,MTH,113,80,78,55,35,25,20,14,8,6,141,92.4,58,121
Central Berkshire,6350000,SCI,112,83,61,45,51,38,16,12,7,5,135,92.6,N/A,N/A
Chelmsford,560000,ELA,360,97,277,74,83,22,4,1,8,2,372,99.4,52,338
Chelmsford,560000,MTH,346,93,277,75,69,19,12,3,13,4,371,97.5,67,334
Chelmsford,560000,SCI,310,88,158,45,152,43,33,9,8,2,351,96,N/A,N/A
Chelsea,570000,ELA,219,78,63,23,156,56,35,13,25,9,279,89.1,47,201
Chelsea,570000,MTH,136,49,48,17,88,32,67,24,75,27,278,70.5,25,202
Chelsea,570000,SCI,132,52,21,8,111,43,95,37,29,11,256,76.6,N/A,N/A
Chicopee,610000,ELA,541,85,158,25,383,61,76,12,16,3,633,94.7,35,531
Chicopee,610000,MTH,414,66,206,33,208,33,137,22,81,13,632,82.9,31,529
Chicopee,610000,SCI,288,50,41,7,247,43,249,43,43,7,580,78.4,N/A,N/A
City on a Hill Charter Public School Circuit Street (District),4370000,ELA,69,100,22,32,47,68,0,0,0,0,69,100,68,51
City on a Hill Charter Public School Circuit Street (District),4370000,MTH,66,96,37,54,29,42,3,4,0,0,69,98.9,85,51
City on a Hill Charter Public School Circuit Street (District),4370000,SCI,57,85,8,12,49,73,9,13,1,1,67,95.1,N/A,N/A
City on a Hill Charter Public School Dudley Square (District),35040000,ELA,53,100,9,17,44,83,0,0,0,0,53,100,60,48
City on a Hill Charter Public School Dudley Square (District),35040000,MTH,46,87,19,36,27,51,7,13,0,0,53,95.3,75,47
City on a Hill Charter Public School Dudley Square (District),35040000,SCI,36,80,3,7,33,73,8,18,1,2,45,92.8,N/A,N/A
Clinton,640000,ELA,98,92,36,34,62,58,8,8,0,0,106,97.6,50,98
Clinton,640000,MTH,74,71,40,38,34,33,24,23,6,6,104,86.8,52,96
Clinton,640000,SCI,55,57,11,11,44,46,36,38,5,5,96,82,N/A,N/A
Codman Academy Charter Public (District),4380000,ELA,32,86,3,8,29,78,5,14,0,0,37,95.3,50,29
Codman Academy Charter Public (District),4380000,MTH,18,46,5,13,13,33,18,46,3,8,39,77.6,64,32
Codman Academy Charter Public (District),4380000,SCI,8,23,1,3,7,20,25,71,2,6,35,65.7,N/A,N/A
Cohasset,650000,ELA,95,99,71,74,24,25,1,1,0,0,96,99.7,62,87
Cohasset,650000,MTH,95,99,76,79,19,20,1,1,0,0,96,99.7,54,87
Cohasset,650000,SCI,84,92,33,36,51,56,7,8,0,0,91,98.1,N/A,N/A
Community Charter School of Cambridge,4360000,ELA,56,100,37,66,19,34,0,0,0,0,56,100,77.5,54
Community Charter School of Cambridge,4360000,MTH,56,98,42,74,14,25,1,2,0,0,57,99.6,74,55
Community Charter School of Cambridge,4360000,SCI,52,91,15,26,37,65,5,9,0,0,57,97.4,N/A,N/A
Concord-Carlisle,6400000,ELA,313,99,252,79,61,19,3,1,1,0,317,99.5,56,275
Concord-Carlisle,6400000,MTH,295,94,240,76,55,18,9,3,10,3,314,96.6,55,264
Concord-Carlisle,6400000,SCI,284,96,183,62,101,34,11,4,1,0,296,98.2,N/A,N/A
Danvers,710000,ELA,248,96,157,61,91,35,5,2,5,2,258,98.8,58,234
Danvers,710000,MTH,219,84,154,59,65,25,28,11,13,5,260,93.1,52,238
Danvers,710000,SCI,198,80,68,27,130,52,46,18,5,2,249,93.2,N/A,N/A
Dartmouth,720000,ELA,259,94,145,53,114,41,11,4,6,2,276,98.1,48,247
Dartmouth,720000,MTH,230,83,143,52,87,31,30,11,17,6,277,92.1,22,247
Dartmouth,720000,SCI,214,82,67,26,147,56,38,15,9,3,261,93.7,N/A,N/A
Dedham,730000,ELA,178,94,98,52,80,42,7,4,5,3,190,97.8,35,167
Dedham,730000,MTH,166,88,133,71,33,18,14,7,8,4,188,95.2,67,167
Dedham,730000,SCI,153,88,84,48,69,40,17,10,4,2,174,95.3,N/A,N/A
Dennis-Yarmouth,6450000,ELA,154,86,66,37,88,49,19,11,6,3,179,94.7,34,143
Dennis-Yarmouth,6450000,MTH,121,67,69,38,52,29,42,23,18,10,181,85.9,39,151
Dennis-Yarmouth,6450000,SCI,106,72,37,25,69,47,30,20,11,7,147,87.8,N/A,N/A
Dighton-Rehoboth,6500000,ELA,203,96,130,62,73,35,4,2,4,2,211,99.4,64,190
Dighton-Rehoboth,6500000,MTH,181,86,125,60,56,27,21,10,8,4,210,95.1,49,192
Dighton-Rehoboth,6500000,SCI,176,87,59,29,117,58,22,11,5,2,203,95.3,N/A,N/A
Douglas,770000,ELA,102,98,64,62,38,37,1,1,1,1,104,99.5,66,97
Douglas,770000,MTH,76,72,47,45,29,28,24,23,5,5,105,88.3,35.5,98
Douglas,770000,SCI,81,81,34,34,47,47,19,19,0,0,100,92.8,N/A,N/A
Dover-Sherborn,6550000,ELA,160,99,144,89,16,10,0,0,2,1,162,100,72,147
Dover-Sherborn,6550000,MTH,158,98,139,86,19,12,1,1,3,2,162,99.4,69,148
Dover-Sherborn,6550000,SCI,155,97,97,61,58,36,2,1,2,1,159,99.4,N/A,N/A
Dracut,790000,ELA,175,93,77,41,98,52,9,5,5,3,189,97.4,55,161
Dracut,790000,MTH,147,77,88,46,59,31,25,13,19,10,191,89,67,161
Dracut,790000,SCI,135,78,41,24,94,55,26,15,11,6,172,91,N/A,N/A
Dudley-Charlton Reg,6580000,ELA,284,95,153,51,131,44,15,5,1,0,300,98.3,42,267
Dudley-Charlton Reg,6580000,MTH,257,86,161,54,96,32,35,12,7,2,299,94.4,41,265
Dudley-Charlton Reg,6580000,SCI,238,87,92,33,146,53,33,12,4,1,275,95.1,N/A,N/A
Duxbury,820000,ELA,274,99,198,71,76,27,3,1,0,0,277,99.7,60,247
Duxbury,820000,MTH,256,94,208,76,48,18,14,5,3,1,273,97.5,56.5,246
Duxbury,820000,SCI,246,93,137,52,109,41,17,6,2,1,265,97.5,N/A,N/A
East Bridgewater,830000,ELA,179,98,125,69,54,30,2,1,1,1,182,99.3,55,176
East Bridgewater,830000,MTH,162,89,102,56,60,33,18,10,3,2,183,95.5,26,177
East Bridgewater,830000,SCI,145,83,29,17,116,67,27,16,2,1,174,94.4,N/A,N/A
East Longmeadow,870000,ELA,215,94,111,49,104,46,9,4,4,2,228,98,41,208
East Longmeadow,870000,MTH,182,79,109,47,73,32,39,17,10,4,231,91.7,49,211
East Longmeadow,870000,SCI,166,77,60,28,106,49,45,21,4,2,215,91.2,N/A,N/A
Easthampton,860000,ELA,100,86,38,33,62,53,13,11,3,3,116,94.8,45,104
Easthampton,860000,MTH,86,75,47,41,39,34,20,18,8,7,114,89.3,46,102
Easthampton,860000,SCI,70,65,24,22,46,43,31,29,6,6,107,87.9,N/A,N/A
Easton,880000,ELA,280,97,153,53,127,44,7,2,2,1,289,99.3,34,277
Easton,880000,MTH,253,87,172,59,81,28,31,11,8,3,292,94.3,33,280
Easton,880000,SCI,198,70,56,20,142,50,83,29,2,1,283,89.3,N/A,N/A
Edward M. Kennedy Academy for Health Careers,4520000,ELA,85,94,34,38,51,57,5,6,0,0,90,98.1,64,85
Edward M. Kennedy Academy for Health Careers,4520000,MTH,62,69,24,27,38,42,22,24,6,7,90,86.4,29,85
Edward M. Kennedy Academy for Health Careers,4520000,SCI,30,37,0,0,30,37,52,63,0,0,82,74.4,N/A,N/A
Essex North Shore Agricultural and Technical School District,8170000,ELA,265,96,128,46,137,49,11,4,1,0,277,98.4,61,253
Essex North Shore Agricultural and Technical School District,8170000,MTH,211,76,116,42,95,34,50,18,15,5,276,89.6,47.5,252
Essex North Shore Agricultural and Technical School District,8170000,SCI,181,81,64,29,117,52,36,16,6,3,223,92.9,N/A,N/A
Everett,930000,ELA,419,86,177,36,242,50,46,9,21,4,486,94.4,58,401
Everett,930000,MTH,315,65,175,36,140,29,107,22,59,12,481,84,57,401
Everett,930000,SCI,236,54,60,14,176,40,162,37,41,9,439,78.9,N/A,N/A
Fairhaven,940000,ELA,142,91,64,41,78,50,11,7,3,2,156,97.1,33,121
Fairhaven,940000,MTH,137,88,102,66,35,23,11,7,7,5,155,95,63.5,122
Fairhaven,940000,SCI,99,69,37,26,62,43,40,28,4,3,143,90.2,N/A,N/A
Fall River,950000,ELA,459,83,189,34,270,49,67,12,30,5,556,92.8,55.5,436
Fall River,950000,MTH,316,57,173,31,143,26,130,24,107,19,553,77.2,31,437
Fall River,950000,SCI,256,51,71,14,185,37,193,39,51,10,500,78,N/A,N/A
Falmouth,960000,ELA,223,94,141,59,82,35,10,4,4,2,237,97.7,58,207
Falmouth,960000,MTH,199,86,140,60,59,25,19,8,14,6,232,92.9,42,203
Falmouth,960000,SCI,172,82,71,34,101,48,34,16,5,2,211,93.5,N/A,N/A
Fitchburg,970000,ELA,254,81,79,25,175,56,45,14,14,4,313,93,46.5,240
Fitchburg,970000,MTH,159,52,73,24,86,28,97,32,50,16,306,77.3,40.5,238
Fitchburg,970000,SCI,107,42,23,9,84,33,119,47,26,10,252,75.7,N/A,N/A
Four Rivers Charter Public,4130000,ELA,37,100,24,65,13,35,0,0,0,0,37,100,69,33
Four Rivers Charter Public,4130000,MTH,35,92,26,68,9,24,2,5,1,3,38,95.4,66,34
Four Rivers Charter Public,4130000,SCI,31,91,16,47,15,44,3,9,0,0,34,97.1,N/A,N/A
Foxborough,990000,ELA,208,98,105,49,103,48,4,2,1,0,213,99.1,45,198
Foxborough,990000,MTH,191,89,135,63,56,26,18,8,6,3,215,95.1,44,203
Foxborough,990000,SCI,176,85,72,35,104,50,27,13,3,1,206,94.2,N/A,N/A
Foxborough Regional Charter,4460000,ELA,70,100,42,60,28,40,0,0,0,0,70,100,70,69
Foxborough Regional Charter,4460000,MTH,65,93,40,57,25,36,4,6,1,1,70,96.4,66,69
Foxborough Regional Charter,4460000,SCI,56,80,18,26,38,54,13,19,1,1,70,92.5,N/A,N/A
Framingham,1000000,ELA,486,94,270,52,216,42,26,5,7,1,519,97.7,56,438
Framingham,1000000,MTH,432,83,316,61,116,22,49,9,37,7,518,91.3,63,443
Framingham,1000000,SCI,407,84,187,38,220,45,65,13,15,3,487,92.9,N/A,N/A
Francis W. Parker Charter Essential,4780000,ELA,65,98,51,77,14,21,1,2,0,0,66,99.6,69.5,60
Francis W. Parker Charter Essential,4780000,MTH,56,86,43,66,13,20,7,11,2,3,65,94.2,55,59
Francis W. Parker Charter Essential,4780000,SCI,52,81,10,16,42,66,11,17,1,2,64,93,N/A,N/A
Franklin,1010000,ELA,397,98,278,69,119,29,2,0,5,1,404,99.8,47,381
Franklin,1010000,MTH,365,91,288,71,77,19,25,6,13,3,403,96.4,43,380
Franklin,1010000,SCI,353,90,181,46,172,44,34,9,6,2,393,97.3,N/A,N/A
Franklin County Regional Vocational Technical,8180000,ELA,114,90,20,16,94,75,9,7,3,2,126,96,39.5,114
Franklin County Regional Vocational Technical,8180000,MTH,88,70,34,27,54,43,29,23,9,7,126,86.9,49.5,114
Franklin County Regional Vocational Technical,8180000,SCI,75,68,11,10,64,58,34,31,1,1,110,90,N/A,N/A
Freetown-Lakeville,6650000,ELA,152,98,105,68,47,30,2,1,1,1,155,99.7,64,143
Freetown-Lakeville,6650000,MTH,143,91,111,71,32,20,10,6,4,3,157,96.7,60,145
Freetown-Lakeville,6650000,SCI,120,78,60,39,60,39,31,20,2,1,153,93,N/A,N/A
Frontier,6700000,ELA,83,93,56,63,27,30,3,3,3,3,89,98.6,55,77
Frontier,6700000,MTH,78,88,51,57,27,30,7,8,4,4,89,95.8,62,77
Frontier,6700000,SCI,76,89,24,28,52,61,8,9,1,1,85,97.1,N/A,N/A
Gardner,1030000,ELA,128,87,35,24,93,63,17,12,2,1,147,95.6,35,114
Gardner,1030000,MTH,86,59,40,27,46,32,42,29,18,12,146,80.5,45,114
Gardner,1030000,SCI,68,56,14,11,54,44,50,41,4,3,122,81.6,N/A,N/A
Gateway,6720000,ELA,57,90,21,33,36,57,3,5,3,5,63,97.6,32,55
Gateway,6720000,MTH,42,67,28,44,14,22,13,21,8,13,63,85.7,52,55
Gateway,6720000,SCI,44,76,6,10,38,66,12,21,2,3,58,90.5,N/A,N/A
Georgetown,1050000,ELA,95,98,71,73,24,25,2,2,0,0,97,99.5,64,88
Georgetown,1050000,MTH,85,88,58,60,27,28,8,8,4,4,97,94.3,58,87
Georgetown,1050000,SCI,88,95,33,35,55,59,5,5,0,0,93,97.8,N/A,N/A
Gill-Montague,6740000,ELA,59,94,22,35,37,59,1,2,3,5,63,97.2,33,56
Gill-Montague,6740000,MTH,49,79,34,55,15,24,8,13,5,8,62,90.7,39,56
Gill-Montague,6740000,SCI,46,82,12,21,34,61,8,14,2,4,56,94.2,N/A,N/A
Global Learning Charter Public,4960000,ELA,49,94,19,37,30,58,3,6,0,0,52,98.6,39,51
Global Learning Charter Public,4960000,MTH,42,81,24,46,18,35,9,17,1,2,52,93.3,57,50
Global Learning Charter Public,4960000,SCI,27,52,7,13,20,38,24,46,1,2,52,82.7,N/A,N/A
Gloucester,1070000,ELA,187,94,81,41,106,53,8,4,4,2,199,97.9,47,167
Gloucester,1070000,MTH,147,74,93,47,54,27,33,17,19,10,199,87.9,44,167
Gloucester,1070000,SCI,135,73,33,18,102,55,44,24,5,3,184,90.4,N/A,N/A
Grafton,1100000,ELA,179,95,112,59,67,35,6,3,4,2,189,98.8,57,172
Grafton,1100000,MTH,158,82,120,63,38,20,21,11,13,7,192,92.6,41,173
Grafton,1100000,SCI,145,80,72,40,73,40,31,17,5,3,181,93.9,N/A,N/A
Granby,1110000,ELA,80,98,47,57,33,40,2,2,0,0,82,99.1,56,78
Granby,1110000,MTH,70,86,45,56,25,31,7,9,4,5,81,92.9,59,77
Granby,1110000,SCI,62,83,11,15,51,68,12,16,1,1,75,92.7,N/A,N/A
Greater Fall River Regional Vocational Technical,8210000,ELA,342,96,114,32,228,64,14,4,0,0,356,98.8,45,307
Greater Fall River Regional Vocational Technical,8210000,MTH,271,76,142,40,129,36,62,17,23,6,356,89.1,41,307
Greater Fall River Regional Vocational Technical,8210000,SCI,252,74,47,14,205,60,77,23,10,3,339,89.7,N/A,N/A
Greater Lawrence Regional Vocational Technical,8230000,ELA,296,86,65,19,231,67,40,12,9,3,345,94.1,57,317
Greater Lawrence Regional Vocational Technical,8230000,MTH,187,54,64,19,123,36,101,29,56,16,344,77.1,39,316
Greater Lawrence Regional Vocational Technical,8230000,SCI,190,56,13,4,177,53,105,31,42,12,337,79.5,N/A,N/A
Greater Lowell Regional Vocational Technical,8280000,ELA,452,88,131,25,321,62,45,9,19,4,516,96.2,56,462
Greater Lowell Regional Vocational Technical,8280000,MTH,380,74,183,36,197,38,89,17,45,9,514,89,64,462
Greater Lowell Regional Vocational Technical,8280000,SCI,319,65,46,9,273,55,143,29,30,6,492,87.4,N/A,N/A
Greater New Bedford Regional Vocational Technical,8250000,ELA,502,92,148,27,354,65,39,7,2,0,543,97.4,40,466
Greater New Bedford Regional Vocational Technical,8250000,MTH,391,72,171,32,220,41,120,22,30,6,541,88.8,32,464
Greater New Bedford Regional Vocational Technical,8250000,SCI,307,58,34,6,273,51,192,36,32,6,531,83.3,N/A,N/A
Greenfield,1140000,ELA,85,88,35,36,50,52,4,4,8,8,97,93.8,30,80
Greenfield,1140000,MTH,71,71,41,41,30,30,17,17,12,12,100,87.3,53,81
Greenfield,1140000,SCI,61,69,20,22,41,46,19,21,9,10,89,88.2,N/A,N/A
Groton-Dunstable,6730000,ELA,202,99,147,72,55,27,2,1,0,0,204,99.8,55,194
Groton-Dunstable,6730000,MTH,201,98,180,88,21,10,3,1,1,0,205,99.1,72,194
Groton-Dunstable,6730000,SCI,181,92,98,50,83,42,15,8,0,0,196,97.7,N/A,N/A
Hadley,1170000,ELA,44,98,31,69,13,29,1,2,0,0,45,99.4,68,38
Hadley,1170000,MTH,41,91,31,69,10,22,2,4,2,4,45,94.4,56.5,38
Hadley,1170000,SCI,33,85,15,38,18,46,6,15,0,0,39,93.6,N/A,N/A
Hamilton-Wenham,6750000,ELA,158,98,119,74,39,24,0,0,3,2,161,100,62,129
Hamilton-Wenham,6750000,MTH,151,94,119,74,32,20,6,4,4,2,161,98.1,62,129
Hamilton-Wenham,6750000,SCI,141,89,81,51,60,38,14,9,3,2,158,97.2,N/A,N/A
Hampden Charter School of Science,4990000,ELA,43,100,29,67,14,33,0,0,0,0,43,100,84.5,38
Hampden Charter School of Science,4990000,MTH,42,100,31,74,11,26,0,0,0,0,42,100,87,38
Hampden Charter School of Science,4990000,SCI,31,72,11,26,20,47,12,28,0,0,43,90.1,N/A,N/A
Hampden-Wilbraham,6800000,ELA,295,98,192,64,103,34,4,1,2,1,301,99.2,54,263
Hampden-Wilbraham,6800000,MTH,263,87,193,64,70,23,28,9,10,3,301,94.4,46,265
Hampden-Wilbraham,6800000,SCI,221,75,50,17,171,58,64,22,8,3,293,90.6,N/A,N/A
Hampshire,6830000,ELA,109,96,72,63,37,32,2,2,3,3,114,98.9,56,108
Hampshire,6830000,MTH,102,91,75,67,27,24,6,5,4,4,112,95.3,53.5,106
Hampshire,6830000,SCI,103,90,32,28,71,62,11,10,1,1,115,96.1,N/A,N/A
Hanover,1220000,ELA,190,98,128,66,62,32,3,2,1,1,194,99.6,53,187
Hanover,1220000,MTH,178,91,109,56,69,35,14,7,3,2,195,96.8,35.5,190
Hanover,1220000,SCI,167,88,54,29,113,60,22,12,0,0,189,96.4,N/A,N/A
Harvard,1250000,ELA,105,98,88,82,17,16,1,1,1,1,107,99.8,67.5,100
Harvard,1250000,MTH,103,97,91,86,12,11,2,2,1,1,106,99.3,80,100
Harvard,1250000,SCI,95,93,67,66,28,27,6,6,1,1,102,98.3,N/A,N/A
Hatfield,1270000,ELA,26,100,19,73,7,27,0,0,0,0,26,100,82,25
Hatfield,1270000,MTH,24,92,19,73,5,19,2,8,0,0,26,98.1,70,24
Hatfield,1270000,SCI,23,92,10,40,13,52,2,8,0,0,25,97,N/A,N/A
Haverhill,1280000,ELA,400,85,149,32,251,53,49,10,24,5,473,94.6,37,380
Haverhill,1280000,MTH,302,63,194,41,108,23,109,23,67,14,478,82.4,40,384
Haverhill,1280000,SCI,244,57,87,20,157,37,144,33,42,10,430,81.9,N/A,N/A
Hingham,1310000,ELA,294,98,234,78,60,20,1,0,5,2,300,99.8,54,274
Hingham,1310000,MTH,282,94,233,78,49,16,10,3,8,3,300,98.2,62,274
Hingham,1310000,SCI,266,91,154,53,112,38,19,7,6,2,291,97.6,N/A,N/A
Holbrook,1330000,ELA,60,95,31,49,29,46,1,2,2,3,63,99.2,56.5,50
Holbrook,1330000,MTH,47,75,29,46,18,29,8,13,8,13,63,87.3,52,50
Holbrook,1330000,SCI,35,67,20,38,15,29,15,29,2,4,52,88.5,N/A,N/A
Holliston,1360000,ELA,200,98,146,71,54,26,2,1,3,1,205,99,57,197
Holliston,1360000,MTH,195,95,160,78,35,17,8,4,3,1,206,98.2,65,197
Holliston,1360000,SCI,194,94,98,48,96,47,10,5,2,1,206,98.3,N/A,N/A
Holyoke,1370000,ELA,296,75,82,21,214,54,56,14,41,10,393,88.6,47,256
Holyoke,1370000,MTH,200,53,91,24,109,29,98,26,82,22,380,75.3,42,263
Holyoke,1370000,SCI,161,46,27,8,134,39,115,33,72,21,348,73.7,N/A,N/A
Hopedale,1380000,ELA,90,98,56,61,34,37,1,1,1,1,92,99.2,50,89
Hopedale,1380000,MTH,79,88,62,69,17,19,8,9,3,3,90,95,52,88
Hopedale,1380000,SCI,73,85,25,29,48,56,12,14,1,1,86,95.1,N/A,N/A
Hopkinton,1390000,ELA,262,99,220,83,42,16,2,1,1,0,265,99.7,46,237
Hopkinton,1390000,MTH,257,97,231,87,26,10,7,3,1,0,265,99.1,65.5,240
Hopkinton,1390000,SCI,248,96,172,67,76,30,7,3,2,1,257,98.8,N/A,N/A
Hudson,1410000,ELA,144,89,96,59,48,30,8,5,10,6,162,95.5,42,141
Hudson,1410000,MTH,128,80,89,55,39,24,17,11,16,10,161,90.1,52,142
Hudson,1410000,SCI,105,68,29,19,76,49,43,28,6,4,154,88.3,N/A,N/A
Hull,1420000,ELA,76,90,44,52,32,38,7,8,1,1,84,96.4,63,77
Hull,1420000,MTH,65,80,39,48,26,32,12,15,4,5,81,92,53,73
Hull,1420000,SCI,68,85,35,44,33,41,10,13,2,3,80,95,N/A,N/A
Innovation Academy Charter,4350000,ELA,97,99,66,67,31,32,1,1,0,0,98,99.7,59.5,92
Innovation Academy Charter,4350000,MTH,90,92,70,71,20,20,8,8,0,0,98,97.7,61,91
Innovation Academy Charter,4350000,SCI,77,79,11,11,66,68,20,21,0,0,97,93,N/A,N/A
Ipswich,1440000,ELA,150,96,106,68,44,28,4,3,2,1,156,98.6,54,143
Ipswich,1440000,MTH,136,88,94,61,42,27,13,8,5,3,154,95.5,46.5,142
Ipswich,1440000,SCI,123,81,57,38,66,44,25,17,3,2,151,93.9,N/A,N/A
KIPP Academy Lynn Charter,4290000,ELA,103,95,46,43,57,53,1,1,4,4,108,98.8,56,97
KIPP Academy Lynn Charter,4290000,MTH,89,83,60,56,29,27,11,10,7,7,107,93.5,54.5,96
KIPP Academy Lynn Charter,4290000,SCI,84,82,35,34,49,48,15,15,4,4,103,93,N/A,N/A
King Philip,6900000,ELA,311,95,203,62,108,33,9,3,8,2,328,98.8,42,304
King Philip,6900000,MTH,280,86,212,65,68,21,30,9,14,4,324,95.1,54,301
King Philip,6900000,SCI,280,89,146,46,134,42,25,8,11,3,316,96.3,N/A,N/A
Lawrence,1490000,ELA,513,67,134,18,379,50,139,18,112,15,764,84.3,53,497
Lawrence,1490000,MTH,353,47,159,21,194,26,171,23,232,31,756,69.2,45,502
Lawrence,1490000,SCI,164,25,16,2,148,23,340,52,144,22,648,64.4,N/A,N/A
Lee,1500000,ELA,62,95,29,45,33,51,1,2,2,3,65,98.5,62,49
Lee,1500000,MTH,52,79,35,53,17,26,12,18,2,3,66,91.3,62,49
Lee,1500000,SCI,32,57,5,9,27,48,22,39,2,4,56,83,N/A,N/A
Leicester,1510000,ELA,92,89,47,46,45,44,11,11,0,0,103,96.4,47,93
Leicester,1510000,MTH,83,81,48,47,35,34,17,17,2,2,102,92.6,36,93
Leicester,1510000,SCI,77,84,25,27,52,57,14,15,1,1,92,94.8,N/A,N/A
Lenox,1520000,ELA,58,100,40,69,18,31,0,0,0,0,58,100,74.5,52
Lenox,1520000,MTH,50,85,36,61,14,24,9,15,0,0,59,96.2,76,54
Lenox,1520000,SCI,40,74,16,30,24,44,14,26,0,0,54,91.7,N/A,N/A
Leominster,1530000,ELA,368,85,130,30,238,55,42,10,21,5,431,94.6,34,371
Leominster,1530000,MTH,318,73,189,43,129,30,67,15,51,12,436,86.6,40,375
Leominster,1530000,SCI,281,69,111,27,170,42,102,25,22,5,405,87.7,N/A,N/A
Lexington,1550000,ELA,510,99,418,81,92,18,3,1,1,0,514,99.8,54,465
Lexington,1550000,MTH,505,98,466,90,39,8,6,1,5,1,516,99.1,60,466
Lexington,1550000,SCI,478,97,337,68,141,28,15,3,2,0,495,98.8,N/A,N/A
Lincoln-Sudbury,6950000,ELA,442,98,334,74,108,24,4,1,4,1,450,99.2,47,415
Lincoln-Sudbury,6950000,MTH,426,95,367,82,59,13,12,3,10,2,448,97.8,56,419
Lincoln-Sudbury,6950000,SCI,397,90,188,43,209,48,33,8,9,2,439,96.2,N/A,N/A
Littleton,1580000,ELA,121,98,81,66,40,33,0,0,2,2,123,99.2,52,117
Littleton,1580000,MTH,117,95,96,78,21,17,3,2,3,2,123,97.6,63,117
Littleton,1580000,SCI,108,90,66,55,42,35,10,8,2,2,120,96.3,N/A,N/A
Longmeadow,1590000,ELA,222,97,162,71,60,26,5,2,1,0,228,99.3,55,202
Longmeadow,1590000,MTH,209,92,164,72,45,20,14,6,5,2,228,96.5,56.5,204
Longmeadow,1590000,SCI,197,92,108,50,89,41,16,7,2,1,215,97.4,N/A,N/A
Lowell,1600000,ELA,598,83,227,31,371,51,82,11,43,6,723,93.3,47,553
Lowell,1600000,MTH,494,68,294,40,200,28,127,17,105,14,726,84.2,44,551
Lowell,1600000,SCI,347,55,89,14,258,41,202,32,83,13,632,79.5,N/A,N/A
Lowell Middlesex Academy Charter,4580000,ELA,7,64,2,18,5,45,4,36,0,0,11,90.9,N/A,2
Ludlow,1610000,ELA,207,90,103,45,104,45,16,7,6,3,229,96.2,53,193
Ludlow,1610000,MTH,188,81,135,58,53,23,30,13,14,6,232,90.7,57,194
Ludlow,1610000,SCI,152,68,43,19,109,48,62,28,11,5,225,86.3,N/A,N/A
Lunenburg,1620000,ELA,103,94,65,60,38,35,3,3,3,3,109,97.9,61.5,94
Lunenburg,1620000,MTH,95,86,63,57,32,29,9,8,6,5,110,94.5,55,93
Lunenburg,1620000,SCI,84,84,31,31,53,53,13,13,3,3,100,94.5,N/A,N/A
Lynn,1630000,ELA,774,78,264,27,510,51,146,15,76,8,996,89.1,60,691
Lynn,1630000,MTH,510,52,255,26,255,26,261,26,219,22,990,73.3,46,697
Lynn,1630000,SCI,350,39,79,9,271,30,446,50,98,11,894,72.3,N/A,N/A
Lynnfield,1640000,ELA,154,98,127,81,27,17,2,1,1,1,157,99,61,152
Lynnfield,1640000,MTH,149,95,108,69,41,26,7,4,1,1,157,98.9,59,152
Lynnfield,1640000,SCI,145,94,75,49,70,45,7,5,2,1,154,98.1,N/A,N/A
MATCH Charter Public School (District),4690000,ELA,67,93,26,36,41,57,4,6,1,1,72,96.9,53.5,60
MATCH Charter Public School (District),4690000,MTH,63,89,45,63,18,25,8,11,0,0,71,96.1,57,59
MATCH Charter Public School (District),4690000,SCI,64,90,25,35,39,55,7,10,0,0,71,96.8,N/A,N/A
Malden,1650000,ELA,368,90,163,40,205,50,30,7,12,3,410,95.8,44,327
Malden,1650000,MTH,305,75,191,47,114,28,76,19,27,7,408,89.1,51,326
Malden,1650000,SCI,246,65,72,19,174,46,119,31,15,4,380,86.1,N/A,N/A
Manchester Essex Regional,6980000,ELA,111,97,80,70,31,27,3,3,0,0,114,99.1,56,107
Manchester Essex Regional,6980000,MTH,104,90,87,76,17,15,8,7,3,3,115,95.4,59,107
Manchester Essex Regional,6980000,SCI,98,87,43,38,55,49,13,12,2,2,113,94.9,N/A,N/A
Mansfield,1670000,ELA,340,97,234,67,106,30,4,1,7,2,351,99.1,71,329
Mansfield,1670000,MTH,317,91,261,75,56,16,23,7,8,2,348,97.4,72,325
Mansfield,1670000,SCI,297,87,122,36,175,51,40,12,6,2,343,96.1,N/A,N/A
Marblehead,1680000,ELA,255,98,197,75,58,22,5,2,1,0,261,99.3,66,239
Marblehead,1680000,MTH,242,93,199,77,43,17,13,5,5,2,260,96.9,57,239
Marblehead,1680000,SCI,226,89,132,52,94,37,27,11,1,0,254,96.1,N/A,N/A
Marlborough,1700000,ELA,215,88,124,51,91,37,17,7,13,5,245,95.6,51,205
Marlborough,1700000,MTH,183,75,112,46,71,29,32,13,29,12,244,87.7,37,207
Marlborough,1700000,SCI,163,73,47,21,116,52,45,20,14,6,222,90.3,N/A,N/A
Marshfield,1710000,ELA,322,97,217,66,105,32,3,1,6,2,331,99,50,312
Marshfield,1710000,MTH,287,87,196,59,91,27,33,10,11,3,331,95.1,44,313
Marshfield,1710000,SCI,256,79,95,29,161,50,59,18,8,2,323,93,N/A,N/A
Martha's Vineyard,7000000,ELA,165,96,105,61,60,35,6,4,0,0,171,98.8,48,138
Martha's Vineyard,7000000,MTH,146,87,105,63,41,24,16,10,6,4,168,93.6,34,139
Martha's Vineyard,7000000,SCI,136,85,47,29,89,56,21,13,3,2,160,93.6,N/A,N/A
Martha's Vineyard Charter,4660000,ELA,15,94,12,75,3,19,1,6,0,0,16,98.4,N/A,13
Martha's Vineyard Charter,4660000,MTH,15,94,10,63,5,31,1,6,0,0,16,98.4,N/A,13
Martha's Vineyard Charter,4660000,SCI,12,92,5,38,7,54,1,8,0,0,13,98.1,N/A,N/A
Masconomet,7050000,ELA,327,98,246,74,81,24,5,2,1,0,333,99.4,63,307
Masconomet,7050000,MTH,306,92,263,79,43,13,21,6,5,2,332,96.9,62,306
Masconomet,7050000,SCI,291,91,151,47,140,44,29,9,1,0,321,96.9,N/A,N/A
Mashpee,1720000,ELA,104,95,38,35,66,60,4,4,2,2,110,97.5,45,97
Mashpee,1720000,MTH,88,78,44,39,44,39,20,18,5,4,113,90.7,68.5,98
Mashpee,1720000,SCI,59,60,12,12,47,47,35,35,5,5,99,84.1,N/A,N/A
Massachusetts Virtual Academy at Greenfield Commonwealth Virtual District,39010000,ELA,18,82,7,32,11,50,4,18,0,0,22,93.2,N/A,15
Massachusetts Virtual Academy at Greenfield Commonwealth Virtual District,39010000,MTH,14,64,8,36,6,27,5,23,3,14,22,80.7,N/A,16
Maynard,1740000,ELA,76,92,41,49,35,42,4,5,3,4,83,97,59,71
Maynard,1740000,MTH,55,70,36,46,19,24,14,18,10,13,79,85.1,53,69
Maynard,1740000,SCI,42,56,12,16,30,40,28,37,5,7,75,83.3,N/A,N/A
Medfield,1750000,ELA,215,98,162,74,53,24,4,2,1,0,220,99.2,45,215
Medfield,1750000,MTH,204,94,169,78,35,16,11,5,1,0,216,98.1,60,211
Medfield,1750000,SCI,197,90,110,50,87,40,21,10,1,0,219,96.3,N/A,N/A
Medford,1760000,ELA,277,92,150,50,127,42,20,7,3,1,300,97,70,241
Medford,1760000,MTH,241,81,145,48,96,32,44,15,14,5,299,91.4,64,241
Medford,1760000,SCI,192,67,57,20,135,47,81,28,13,5,286,86,N/A,N/A
Medway,1770000,ELA,192,98,143,73,49,25,2,1,1,1,195,99.5,51,186
Medway,1770000,MTH,183,94,151,78,32,16,8,4,3,2,194,97.7,49,190
Medway,1770000,SCI,153,81,66,35,87,46,33,17,3,2,189,92.9,N/A,N/A
Melrose,1780000,ELA,231,97,146,61,85,36,5,2,3,1,239,98.6,47,221
Melrose,1780000,MTH,207,86,154,64,53,22,20,8,13,5,240,94,49.5,222
Melrose,1780000,SCI,183,81,83,37,100,44,39,17,4,2,226,92.8,N/A,N/A
Mendon-Upton,7100000,ELA,122,98,89,72,33,27,2,2,0,0,124,99.4,61,117
Mendon-Upton,7100000,MTH,116,89,94,72,22,17,7,5,7,5,130,94.4,60,119
Mendon-Upton,7100000,SCI,110,93,56,47,54,46,8,7,0,0,118,97.5,N/A,N/A
Methuen,1810000,ELA,344,88,152,39,192,49,32,8,17,4,393,94.7,55.5,344
Methuen,1810000,MTH,274,70,144,37,130,33,68,17,51,13,393,85.1,37.5,342
Methuen,1810000,SCI,224,65,55,16,169,49,103,30,18,5,345,86.2,N/A,N/A
Middleborough,1820000,ELA,170,90,83,44,87,46,11,6,8,4,189,96.8,43,161
Middleborough,1820000,MTH,140,75,94,50,46,25,28,15,19,10,187,88.5,44,163
Middleborough,1820000,SCI,114,67,40,24,74,44,48,28,7,4,169,88.8,N/A,N/A
Milford,1850000,ELA,245,93,124,47,121,46,11,4,8,3,264,96.9,41,240
Milford,1850000,MTH,197,74,125,47,72,27,48,18,21,8,266,88.6,28.5,240
Milford,1850000,SCI,186,75,79,32,107,43,55,22,8,3,249,90.3,N/A,N/A
Millbury,1860000,ELA,86,83,36,35,50,49,13,13,4,4,103,94.7,34.5,96
Millbury,1860000,MTH,86,82,64,61,22,21,9,9,10,10,105,90,54,97
Millbury,1860000,SCI,75,75,15,15,60,60,18,18,7,7,100,89.3,N/A,N/A
Millis,1870000,ELA,85,99,60,70,25,29,1,1,0,0,86,99.7,72,79
Millis,1870000,MTH,77,90,58,67,19,22,6,7,3,3,86,95.3,34,79
Millis,1870000,SCI,71,89,25,31,46,58,9,11,0,0,80,96.6,N/A,N/A
Milton,1890000,ELA,235,97,164,67,71,29,5,2,3,1,243,99.1,47,221
Milton,1890000,MTH,217,90,170,70,47,19,16,7,9,4,242,96.1,57.5,220
Milton,1890000,SCI,194,86,97,43,97,43,28,12,4,2,226,95.4,N/A,N/A
Minuteman Regional Vocational Technical,8300000,ELA,169,97,59,34,110,63,5,3,0,0,174,99.1,40,137
Minuteman Regional Vocational Technical,8300000,MTH,127,73,56,32,71,41,36,21,12,7,175,88.7,48,140
Minuteman Regional Vocational Technical,8300000,SCI,107,69,23,15,84,55,44,29,3,2,154,88.6,N/A,N/A
Mohawk Trail,7170000,ELA,50,91,27,49,23,42,2,4,3,5,55,96.8,40.5,44
Mohawk Trail,7170000,MTH,45,83,33,61,12,22,4,7,5,9,54,91.2,51,46
Mohawk Trail,7170000,SCI,33,75,16,36,17,39,8,18,3,7,44,89.2,N/A,N/A
Monomoy Regional School District,7120000,ELA,107,96,61,54,46,41,2,2,3,3,112,98.2,60,96
Monomoy Regional School District,7120000,MTH,84,74,56,49,28,25,22,19,8,7,114,87.9,61,104
Monomoy Regional School District,7120000,SCI,85,85,30,30,55,55,11,11,4,4,100,93.3,N/A,N/A
Monson,1910000,ELA,81,92,32,36,49,56,4,5,3,3,88,97.4,44,79
Monson,1910000,MTH,67,77,44,51,23,26,13,15,7,8,87,90.2,39,81
Monson,1910000,SCI,54,67,8,10,46,57,22,27,5,6,81,88.6,N/A,N/A
Montachusett Regional Vocational Technical,8320000,ELA,359,96,142,38,217,58,15,4,0,0,374,98.9,42,319
Montachusett Regional Vocational Technical,8320000,MTH,328,87,184,49,144,38,40,11,7,2,375,95.3,54.5,320
Montachusett Regional Vocational Technical,8320000,SCI,267,77,62,18,205,59,74,21,6,2,347,91.9,N/A,N/A
Mount Greylock,7150000,ELA,81,98,54,65,27,33,2,2,0,0,83,99.4,51,71
Mount Greylock,7150000,MTH,74,90,63,77,11,13,6,7,2,2,82,95.7,59.5,70
Mount Greylock,7150000,SCI,60,81,18,24,42,57,13,18,1,1,74,93.9,N/A,N/A
Mystic Valley Regional Charter,4700000,ELA,96,100,54,56,42,44,0,0,0,0,96,100,63.5,96
Mystic Valley Regional Charter,4700000,MTH,93,96,67,69,26,27,4,4,0,0,97,99,70,97
Mystic Valley Regional Charter,4700000,SCI,85,88,28,29,57,59,12,12,0,0,97,96.4,N/A,N/A
Nantucket,1970000,ELA,96,86,61,54,35,31,13,12,3,3,112,93.3,69,77
Nantucket,1970000,MTH,78,70,44,39,34,30,18,16,16,14,112,83.3,47,81
Nantucket,1970000,SCI,78,73,32,30,46,43,25,23,4,4,107,87.9,N/A,N/A
Narragansett,7200000,ELA,76,85,41,46,35,39,10,11,3,3,89,95.2,64,80
Narragansett,7200000,MTH,62,70,32,36,30,34,17,19,9,10,88,86.1,40.5,80
Narragansett,7200000,SCI,60,71,24,28,36,42,20,24,5,6,85,88.2,N/A,N/A
Nashoba,7250000,ELA,246,98,166,66,80,32,5,2,1,0,252,99.5,59,235
Nashoba,7250000,MTH,237,94,192,76,45,18,12,5,4,2,253,97.6,48,237
Nashoba,7250000,SCI,223,91,109,45,114,47,19,8,2,1,244,96.9,N/A,N/A
Nashoba Valley Regional Vocational Technical,8520000,ELA,186,93,44,22,142,71,13,7,0,0,199,97.5,38,184
Nashoba Valley Regional Vocational Technical,8520000,MTH,154,78,85,43,69,35,33,17,11,6,198,89.8,54,184
Nashoba Valley Regional Vocational Technical,8520000,SCI,140,80,42,24,98,56,31,18,5,3,176,91.6,N/A,N/A
Natick,1980000,ELA,355,98,233,64,122,34,6,2,2,1,363,99.1,52,333
Natick,1980000,MTH,337,92,274,75,63,17,22,6,8,2,367,96.2,51,338
Natick,1980000,SCI,320,90,190,54,130,37,32,9,3,1,355,96.3,N/A,N/A
Nauset,6600000,ELA,241,97,190,77,51,21,7,3,0,0,248,99,69,222
Nauset,6600000,MTH,226,91,161,65,65,26,18,7,3,1,247,97.3,40,223
Nauset,6600000,SCI,212,89,84,35,128,54,23,10,2,1,237,95.8,N/A,N/A
Needham,1990000,ELA,400,99,316,78,84,21,3,1,3,1,406,99.6,58.5,356
Needham,1990000,MTH,392,94,335,81,57,14,15,4,9,2,416,97.4,40,370
Needham,1990000,SCI,369,92,199,49,170,42,30,7,4,1,403,97.1,N/A,N/A
New Bedford,2010000,ELA,321,67,58,12,263,55,110,23,48,10,479,85.2,25,347
New Bedford,2010000,MTH,202,42,93,19,109,23,117,24,162,34,481,64.3,18,346
New Bedford,2010000,SCI,159,34,18,4,141,30,227,48,83,18,469,67.1,N/A,N/A
Newburyport,2040000,ELA,203,97,161,77,42,20,4,2,3,1,210,99.3,62,182
Newburyport,2040000,MTH,193,91,167,79,26,12,11,5,8,4,212,96.3,63.5,184
Newburyport,2040000,SCI,178,88,105,52,73,36,20,10,4,2,202,96.3,N/A,N/A
Newton,2070000,ELA,919,96,692,72,227,24,26,3,10,1,955,98.6,51,830
Newton,2070000,MTH,896,94,774,81,122,13,43,5,14,1,953,97.7,60,828
Newton,2070000,SCI,823,90,475,52,348,38,80,9,10,1,913,96.5,N/A,N/A
Norfolk County Agricultural,9150000,ELA,126,98,64,50,62,48,2,2,0,0,128,99.6,39,115
Norfolk County Agricultural,9150000,MTH,111,87,63,49,48,38,16,13,1,1,128,95.5,35,115
Norfolk County Agricultural,9150000,SCI,113,96,52,44,61,52,5,4,0,0,118,98.7,N/A,N/A
North Adams,2090000,ELA,67,84,32,40,35,44,8,10,5,6,80,93.4,39,65
North Adams,2090000,MTH,53,67,37,47,16,20,12,15,14,18,79,81,48,65
North Adams,2090000,SCI,48,69,15,21,33,47,15,21,7,10,70,85,N/A,N/A
North Andover,2110000,ELA,311,95,212,65,99,30,10,3,5,2,326,98.7,56.5,292
North Andover,2110000,MTH,272,85,182,57,90,28,34,11,15,5,321,93,37,289
North Andover,2110000,SCI,272,88,131,42,141,46,32,10,5,2,309,95.8,N/A,N/A
North Attleborough,2120000,ELA,257,94,167,61,90,33,8,3,9,3,274,97.9,44,243
North Attleborough,2120000,MTH,248,89,194,70,54,19,17,6,13,5,278,95.8,40,249
North Attleborough,2120000,SCI,234,89,115,44,119,45,17,6,12,5,263,96.8,N/A,N/A
North Brookfield,2150000,ELA,26,93,13,46,13,46,2,7,0,0,28,96.4,55,25
North Brookfield,2150000,MTH,21,75,12,43,9,32,6,21,1,4,28,89.3,25,25
North Brookfield,2150000,SCI,16,67,3,13,13,54,8,33,0,0,24,89.6,N/A,N/A
North Middlesex,7350000,ELA,197,92,118,55,79,37,12,6,6,3,215,97,53,196
North Middlesex,7350000,MTH,168,77,118,54,50,23,37,17,13,6,218,90.9,48,202
North Middlesex,7350000,SCI,165,81,67,33,98,48,33,16,6,3,204,93,N/A,N/A
North Reading,2170000,ELA,191,98,136,70,55,28,2,1,1,1,194,99.7,50.5,182
North Reading,2170000,MTH,175,89,139,71,36,18,18,9,3,2,196,95.9,49,187
North Reading,2170000,SCI,171,90,102,54,69,37,18,10,0,0,189,97.2,N/A,N/A
Northampton,2100000,ELA,213,96,146,65,67,30,10,4,0,0,223,98.7,53,173
Northampton,2100000,MTH,196,88,140,63,56,25,19,8,9,4,224,94.2,69,183
Northampton,2100000,SCI,185,89,97,46,88,42,23,11,1,0,209,95.6,N/A,N/A
Northampton-Smith Vocational Agricultural,4060000,ELA,96,83,19,17,77,67,15,13,4,3,115,92.8,41,105
Northampton-Smith Vocational Agricultural,4060000,MTH,70,61,26,23,44,38,28,24,17,15,115,80.7,52.5,106
Northampton-Smith Vocational Agricultural,4060000,SCI,69,66,9,9,60,58,29,28,6,6,104,85.6,N/A,N/A
Northboro-Southboro,7300000,ELA,349,99,285,81,64,18,2,1,1,0,352,99.7,75,329
Northboro-Southboro,7300000,MTH,330,94,270,77,60,17,16,5,4,1,350,97.6,70,329
Northboro-Southboro,7300000,SCI,313,92,185,54,128,38,26,8,1,0,340,97.6,N/A,N/A
Northbridge,2140000,ELA,126,90,55,39,71,51,10,7,4,3,140,95.4,44,129
Northbridge,2140000,MTH,104,75,55,40,49,36,28,20,6,4,138,89.5,48,128
Northbridge,2140000,SCI,84,68,23,19,61,49,31,25,9,7,124,85.9,N/A,N/A
Northeast Metropolitan Regional Vocational Technical,8530000,ELA,296,91,77,24,219,68,25,8,3,1,324,97.1,47,295
Northeast Metropolitan Regional Vocational Technical,8530000,MTH,212,65,92,28,120,37,91,28,23,7,326,84.4,44,300
Northeast Metropolitan Regional Vocational Technical,8530000,SCI,169,56,15,5,154,51,120,40,14,5,303,82.4,N/A,N/A
Northern Berkshire Regional Vocational Technical,8510000,ELA,125,95,34,26,91,69,6,5,1,1,132,97.7,36,104
Northern Berkshire Regional Vocational Technical,8510000,MTH,102,78,42,32,60,46,25,19,3,2,130,92.5,52,105
Northern Berkshire Regional Vocational Technical,8510000,SCI,86,74,13,11,73,63,28,24,2,2,116,91.4,N/A,N/A
Norton,2180000,ELA,194,96,121,60,73,36,5,2,4,2,203,98.2,47.5,188
Norton,2180000,MTH,176,88,119,59,57,28,19,9,6,3,201,95.1,51,187
Norton,2180000,SCI,165,87,67,35,98,52,21,11,4,2,190,95.4,N/A,N/A
Norwell,2190000,ELA,175,100,150,86,25,14,0,0,0,0,175,100,56.5,170
Norwell,2190000,MTH,174,99,146,83,28,16,1,1,1,1,176,99.3,56,170
Norwell,2190000,SCI,163,94,83,48,80,46,10,6,0,0,173,98.1,N/A,N/A
Norwood,2200000,ELA,223,88,114,45,109,43,17,7,12,5,252,94.9,37,205
Norwood,2200000,MTH,193,76,113,45,80,32,32,13,28,11,253,88.4,45.5,204
Norwood,2200000,SCI,178,77,65,28,113,49,38,16,15,6,231,90.7,N/A,N/A
Old Colony Regional Vocational Technical,8550000,ELA,135,96,53,38,82,59,5,4,0,0,140,98.9,41.5,136
Old Colony Regional Vocational Technical,8550000,MTH,117,84,72,52,45,32,16,12,6,4,139,92.3,41,135
Old Colony Regional Vocational Technical,8550000,SCI,95,72,21,16,74,56,37,28,0,0,132,89.8,N/A,N/A
Old Rochester,7400000,ELA,183,98,98,53,85,46,2,1,1,1,186,99.1,37,177
Old Rochester,7400000,MTH,168,89,119,63,49,26,15,8,5,3,188,95.3,42,179
Old Rochester,7400000,SCI,141,81,59,34,82,47,33,19,1,1,175,93.6,N/A,N/A
Oxford,2260000,ELA,86,91,41,44,45,48,2,2,6,6,94,96,52,81
Oxford,2260000,MTH,72,77,39,42,33,35,15,16,6,6,93,91.7,35,81
Oxford,2260000,SCI,58,69,19,23,39,46,21,25,5,6,84,89.6,N/A,N/A
Palmer,2270000,ELA,66,87,38,50,28,37,6,8,4,5,76,95.1,45,69
Palmer,2270000,MTH,58,79,39,53,19,26,13,18,2,3,73,93.5,48,65
Palmer,2270000,SCI,51,73,11,16,40,57,16,23,3,4,70,90,N/A,N/A
Pathfinder Regional Vocational Technical,8600000,ELA,129,89,23,16,106,73,13,9,3,2,145,95.3,37.5,140
Pathfinder Regional Vocational Technical,8600000,MTH,90,63,34,24,56,39,36,25,18,13,144,81.9,38,139
Pathfinder Regional Vocational Technical,8600000,SCI,80,60,7,5,73,54,52,39,2,1,134,84.1,N/A,N/A
Paulo Freire Social Justice Charter School (District),35010000,ELA,69,99,21,30,48,69,0,0,1,1,70,98.9,70.5,58
Paulo Freire Social Justice Charter School (District),35010000,MTH,50,71,14,20,36,51,14,20,6,9,70,86.8,35.5,58
Paulo Freire Social Justice Charter School (District),35010000,SCI,30,58,4,8,26,50,15,29,7,13,52,78.8,N/A,N/A
Peabody,2290000,ELA,390,94,149,36,241,58,22,5,4,1,416,97.8,34.5,376
Peabody,2290000,MTH,300,72,180,43,120,29,87,21,29,7,416,87.9,41,379
Peabody,2290000,SCI,283,72,80,20,203,52,106,27,5,1,394,89.3,N/A,N/A
Pembroke,2310000,ELA,233,94,141,57,92,37,6,2,10,4,249,98.1,57,235
Pembroke,2310000,MTH,214,87,143,58,71,29,17,7,16,6,247,94.6,40,233
Pembroke,2310000,SCI,181,75,77,32,104,43,51,21,10,4,242,91.3,N/A,N/A
Pentucket,7450000,ELA,181,97,135,73,46,25,1,1,4,2,186,99.3,62,176
Pentucket,7450000,MTH,170,90,133,70,37,20,12,6,7,4,189,96.3,58,178
Pentucket,7450000,SCI,164,89,89,48,75,41,18,10,2,1,184,96.9,N/A,N/A
Phoenix Academy Public Charter High School Springfield (District),35080000,ELA,8,80,1,10,7,70,2,20,0,0,10,92.5,N/A,4
Phoenix Charter Academy,4930000,ELA,17,68,2,8,15,60,8,32,0,0,25,89,N/A,10
Phoenix Charter Academy,4930000,MTH,12,52,9,39,3,13,8,35,3,13,23,78.3,N/A,9
Phoenix Charter Academy,4930000,SCI,7,35,0,0,7,35,11,55,2,10,20,68.8,N/A,N/A
Pioneer Charter School of Science,4940000,ELA,47,100,22,47,25,53,0,0,0,0,47,100,38.5,44
Pioneer Charter School of Science,4940000,MTH,44,94,35,74,9,19,3,6,0,0,47,98.4,64.5,44
Pioneer Charter School of Science,4940000,SCI,45,96,20,43,25,53,2,4,0,0,47,98.9,N/A,N/A
Pioneer Charter School of Science II (PCSS-II) (District),35060000,ELA,19,86,8,36,11,50,2,9,1,5,22,94.3,N/A,14
Pioneer Charter School of Science II (PCSS-II) (District),35060000,MTH,20,91,14,64,6,27,1,5,1,5,22,97.7,N/A,14
Pioneer Charter School of Science II (PCSS-II) (District),35060000,SCI,18,86,7,33,11,52,3,14,0,0,21,94,N/A,N/A
Pioneer Valley,7500000,ELA,73,99,51,69,22,30,0,0,1,1,74,99.7,81,70
Pioneer Valley,7500000,MTH,62,85,40,55,22,30,8,11,3,4,73,94.5,54.5,70
Pioneer Valley,7500000,SCI,63,91,33,48,30,43,5,7,1,1,69,97.8,N/A,N/A
Pioneer Valley Chinese Immersion Charte,4970000,ELA,11,100,10,91,1,9,0,0,0,0,11,100,N/A,8
Pioneer Valley Chinese Immersion Charte,4970000,MTH,11,100,11,100,0,0,0,0,0,0,11,100,N/A,8
Pioneer Valley Chinese Immersion Charte,4970000,SCI,10,100,7,70,3,30,0,0,0,0,10,100,N/A,N/A
Pioneer Valley Performing Arts Charter Public,4790000,ELA,67,99,49,72,18,26,1,1,0,0,68,99.6,64,64
Pioneer Valley Performing Arts Charter Public,4790000,MTH,60,87,41,59,19,28,8,12,1,1,69,94.9,74,65
Pioneer Valley Performing Arts Charter Public,4790000,SCI,55,90,31,51,24,39,5,8,1,2,61,95.5,N/A,N/A
Pittsfield,2360000,ELA,389,89,153,35,236,54,35,8,13,3,437,95.8,32,366
Pittsfield,2360000,MTH,315,72,176,40,139,32,74,17,47,11,436,86.7,28,361
Pittsfield,2360000,SCI,228,56,56,14,172,42,150,37,28,7,406,82.1,N/A,N/A
Plymouth,2390000,ELA,520,94,248,45,272,49,23,4,8,1,551,97.8,36,510
Plymouth,2390000,MTH,436,79,263,47,173,31,81,15,37,7,554,90.3,40,511
Plymouth,2390000,SCI,412,79,132,25,280,54,89,17,20,4,521,90.8,N/A,N/A
Prospect Hill Academy Charter,4870000,ELA,73,99,45,61,28,38,1,1,0,0,74,99.7,63,69
Prospect Hill Academy Charter,4870000,MTH,66,88,46,61,20,27,8,11,1,1,75,96.3,56,70
Prospect Hill Academy Charter,4870000,SCI,62,89,22,31,40,57,8,11,0,0,70,95.7,N/A,N/A
Quabbin,7530000,ELA,161,93,85,49,76,44,8,5,5,3,174,97.4,50.5,146
Quabbin,7530000,MTH,136,77,79,45,57,32,34,19,7,4,177,91.9,47,146
Quabbin,7530000,SCI,121,73,30,18,91,55,42,25,3,2,166,90.5,N/A,N/A
Quaboag Regional,7780000,ELA,99,95,58,56,41,39,3,3,2,2,104,98.3,65,91
Quaboag Regional,7780000,MTH,82,80,50,49,32,31,13,13,8,8,103,90.5,42,92
Quaboag Regional,7780000,SCI,80,87,22,24,58,63,11,12,1,1,92,94.6,N/A,N/A
Quincy,2430000,ELA,561,91,290,47,271,44,28,5,26,4,615,96.6,60,510
Quincy,2430000,MTH,477,77,312,51,165,27,87,14,52,8,616,89.5,58,520
Quincy,2430000,SCI,432,75,176,31,256,44,112,19,33,6,577,90.7,N/A,N/A
Ralph C Mahar,7550000,ELA,89,90,47,47,42,42,7,7,3,3,99,96.2,59,85
Ralph C Mahar,7550000,MTH,85,85,47,47,38,38,8,8,7,7,100,91.5,46,87
Ralph C Mahar,7550000,SCI,69,76,10,11,59,65,21,23,1,1,91,91.8,N/A,N/A
Randolph,2440000,ELA,145,81,48,27,97,54,23,13,10,6,178,94.1,62,119
Randolph,2440000,MTH,106,61,53,30,53,30,41,23,28,16,175,81,59,115
Randolph,2440000,SCI,82,54,24,16,58,38,53,35,17,11,152,79.6,N/A,N/A
Reading,2460000,ELA,349,97,241,67,108,30,5,1,4,1,358,99.2,46,337
Reading,2460000,MTH,326,91,261,73,65,18,26,7,8,2,360,96.7,54,341
Reading,2460000,SCI,296,84,127,36,169,48,51,14,5,1,352,94.5,N/A,N/A
Revere,2480000,ELA,348,89,135,35,213,55,25,6,16,4,389,95.1,39,312
Revere,2480000,MTH,281,71,176,45,105,27,67,17,46,12,394,86.2,52,312
Revere,2480000,SCI,247,70,106,30,141,40,94,27,12,3,353,88.5,N/A,N/A
Rising Tide Charter Public,4830000,ELA,79,100,60,76,19,24,0,0,0,0,79,100,79.5,68
Rising Tide Charter Public,4830000,MTH,74,94,60,76,14,18,4,5,1,1,79,96.8,77,69
Rising Tide Charter Public,4830000,SCI,60,86,22,31,38,54,10,14,0,0,70,95.4,N/A,N/A
Rockland,2510000,ELA,146,96,56,37,90,59,4,3,2,1,152,98.8,39.5,126
Rockland,2510000,MTH,116,74,51,32,65,41,32,20,9,6,157,89.6,40.5,128
Rockland,2510000,SCI,81,56,18,13,63,44,54,38,9,6,144,82.6,N/A,N/A
Rockport,2520000,ELA,75,96,37,47,38,49,3,4,0,0,78,99,39,69
Rockport,2520000,MTH,65,82,45,57,20,25,12,15,2,3,79,92.4,47.5,70
Rockport,2520000,SCI,63,86,30,41,33,45,10,14,0,0,73,95.2,N/A,N/A
Sabis International Charter,4410000,ELA,104,97,41,38,63,59,3,3,0,0,107,99.3,47,107
Sabis International Charter,4410000,MTH,93,86,58,54,35,32,14,13,1,1,108,95.4,48.5,108
Sabis International Charter,4410000,SCI,77,75,30,29,47,46,26,25,0,0,103,90,N/A,N/A
Salem,2580000,ELA,179,82,85,39,94,43,29,13,10,5,218,92.7,48,184
Salem,2580000,MTH,145,67,92,43,53,25,45,21,25,12,215,84.3,57,189
Salem,2580000,SCI,115,61,37,20,78,41,66,35,7,4,188,84.2,N/A,N/A
Salem Academy Charter,4850000,ELA,50,98,29,57,21,41,1,2,0,0,51,99.5,81.5,46
Salem Academy Charter,4850000,MTH,39,75,25,48,14,27,10,19,3,6,52,90.4,63,46
Salem Academy Charter,4850000,SCI,40,83,13,27,27,56,7,15,1,2,48,94.8,N/A,N/A
Sandwich,2610000,ELA,191,97,101,52,90,46,4,2,1,1,196,99.2,42,179
Sandwich,2610000,MTH,166,84,110,56,56,28,21,11,10,5,197,92.5,36,177
Sandwich,2610000,SCI,144,78,52,28,92,50,39,21,1,1,184,92.4,N/A,N/A
Saugus,2620000,ELA,177,89,72,36,105,53,16,8,5,3,198,96,35,186
Saugus,2620000,MTH,155,78,80,40,75,38,31,16,14,7,200,90.3,30.5,188
Saugus,2620000,SCI,130,70,29,16,101,54,49,26,7,4,186,87.9,N/A,N/A
Scituate,2640000,ELA,232,98,160,68,72,30,3,1,2,1,237,99.6,30,223
Scituate,2640000,MTH,222,93,180,75,42,18,8,3,9,4,239,96.8,42,223
Scituate,2640000,SCI,178,77,64,28,114,49,46,20,8,3,232,90.8,N/A,N/A
Seekonk,2650000,ELA,137,96,86,60,51,36,3,2,3,2,143,98.8,56,127
Seekonk,2650000,MTH,116,81,72,50,44,31,21,15,6,4,143,93.2,35,129
Seekonk,2650000,SCI,109,80,54,40,55,40,21,15,6,4,136,93,N/A,N/A
Sharon,2660000,ELA,251,96,191,73,60,23,7,3,4,2,262,99,55,237
Sharon,2660000,MTH,242,92,199,76,43,16,13,5,7,3,262,97.2,71,236
Sharon,2660000,SCI,216,86,128,51,88,35,29,12,7,3,252,94.8,N/A,N/A
Shawsheen Valley Regional Vocational Technical,8710000,ELA,329,99,180,54,149,45,2,1,0,0,331,99.8,75,316
Shawsheen Valley Regional Vocational Technical,8710000,MTH,265,79,173,52,92,28,60,18,9,3,334,92.2,65,318
Shawsheen Valley Regional Vocational Technical,8710000,SCI,285,89,88,27,197,61,32,10,4,1,321,96,N/A,N/A
Shrewsbury,2710000,ELA,407,97,310,74,97,23,6,1,5,1,418,99.3,53,376
Shrewsbury,2710000,MTH,384,91,331,79,53,13,27,6,10,2,421,96.9,53,376
Shrewsbury,2710000,SCI,348,87,186,46,162,40,49,12,5,1,402,95.5,N/A,N/A
Silver Lake,7600000,ELA,280,96,149,51,131,45,8,3,3,1,291,98.2,50,278
Silver Lake,7600000,MTH,248,85,165,57,83,28,28,10,16,5,292,92.6,51,280
Silver Lake,7600000,SCI,189,68,71,26,118,43,82,30,5,2,276,88,N/A,N/A
Somerset Berkley Regional School District,7630000,ELA,234,94,128,51,106,42,12,5,4,2,250,97,49,234
Somerset Berkley Regional School District,7630000,MTH,218,87,162,65,56,22,24,10,8,3,250,94.4,52,233
Somerset Berkley Regional School District,7630000,SCI,175,75,53,23,122,52,52,22,6,3,233,90,N/A,N/A
Somerville,2740000,ELA,262,85,146,48,116,38,31,10,14,5,307,93.9,77,248
Somerville,2740000,MTH,227,73,156,50,71,23,51,16,34,11,312,86.7,68,251
Somerville,2740000,SCI,197,70,88,31,109,39,72,26,13,5,282,87.4,N/A,N/A
South Hadley,2780000,ELA,126,94,67,50,59,44,6,4,2,1,134,97.6,52,125
South Hadley,2780000,MTH,114,82,71,51,43,31,17,12,8,6,139,91.7,53,133
South Hadley,2780000,SCI,101,76,33,25,68,51,31,23,1,1,133,91.7,N/A,N/A
South Middlesex Regional Vocational Technical,8290000,ELA,130,84,28,18,102,66,23,15,2,1,155,94.7,54.5,138
South Middlesex Regional Vocational Technical,8290000,MTH,90,57,37,23,53,34,47,30,21,13,158,79.3,51,138
South Middlesex Regional Vocational Technical,8290000,SCI,76,56,21,16,55,41,49,36,10,7,135,80.7,N/A,N/A
South Shore Charter Public,4880000,ELA,41,95,26,60,15,35,2,5,0,0,43,98.8,82,39
South Shore Charter Public,4880000,MTH,37,86,23,53,14,33,3,7,3,7,43,93,50.5,40
South Shore Charter Public,4880000,SCI,24,63,4,11,20,53,13,34,1,3,38,86.8,N/A,N/A
South Shore Regional Vocational Technical,8730000,ELA,133,93,36,25,97,68,9,6,1,1,143,97.4,43.5,134
South Shore Regional Vocational Technical,8730000,MTH,119,83,51,36,68,48,17,12,7,5,143,92.5,61.5,134
South Shore Regional Vocational Technical,8730000,SCI,98,72,18,13,80,58,35,26,4,3,137,88.7,N/A,N/A
Southbridge,2770000,ELA,93,77,22,18,71,59,17,14,11,9,121,88.8,46,103
Southbridge,2770000,MTH,47,39,21,17,26,21,35,29,39,32,121,63.6,29,102
Southbridge,2770000,SCI,44,39,8,7,36,32,43,38,27,24,114,67.8,N/A,N/A
Southeastern Regional Vocational Technical,8720000,ELA,304,93,88,27,216,66,22,7,2,1,328,98,54,316
Southeastern Regional Vocational Technical,8720000,MTH,255,78,128,39,127,39,54,16,19,6,328,90.5,53,315
Southeastern Regional Vocational Technical,8720000,SCI,171,55,33,11,138,45,128,41,11,4,310,82.3,N/A,N/A
Southern Berkshire,7650000,ELA,49,98,32,64,17,34,0,0,1,2,50,98.5,57,45
Southern Berkshire,7650000,MTH,47,94,29,58,18,36,2,4,1,2,50,98.5,55,45
Southern Berkshire,7650000,SCI,43,93,16,35,27,59,2,4,1,2,46,98.4,N/A,N/A
Southern Worcester County Regional Vocational Technical,8760000,ELA,251,95,86,32,165,62,14,5,0,0,265,98.3,48,240
Southern Worcester County Regional Vocational Technical,8760000,MTH,216,82,112,42,104,39,31,12,17,6,264,90.5,50,240
Southern Worcester County Regional Vocational Technical,8760000,SCI,197,81,61,25,136,56,38,16,7,3,242,92.6,N/A,N/A
Southwick-Tolland-Granville Regional School District,7660000,ELA,118,95,70,56,48,39,5,4,1,1,124,98.8,50,115
Southwick-Tolland-Granville Regional School District,7660000,MTH,107,86,74,59,33,26,13,10,5,4,125,94.2,53,117
Southwick-Tolland-Granville Regional School District,7660000,SCI,99,83,36,30,63,53,18,15,2,2,119,94.5,N/A,N/A
Spencer-E Brookfield,7670000,ELA,101,90,44,39,57,51,7,6,4,4,112,95.8,34,94
Spencer-E Brookfield,7670000,MTH,84,74,47,41,37,32,24,21,6,5,114,88.8,49,96
Spencer-E Brookfield,7670000,SCI,73,68,15,14,58,54,33,31,1,1,107,88.3,N/A,N/A
Springfield,2810000,ELA,1166,75,262,17,904,58,259,17,130,8,1555,89.2,46,1193
Springfield,2810000,MTH,731,46,302,19,429,27,430,27,415,26,1576,71.5,51,1213
Springfield,2810000,SCI,373,26,47,3,326,22,788,54,299,20,1460,64.3,N/A,N/A
Stoneham,2840000,ELA,167,97,129,75,38,22,3,2,2,1,172,99.3,73,161
Stoneham,2840000,MTH,157,91,118,68,39,23,11,6,5,3,173,96.4,41,161
Stoneham,2840000,SCI,145,85,85,50,60,35,22,13,4,2,171,94.9,N/A,N/A
Stoughton,2850000,ELA,228,94,121,50,107,44,11,5,3,1,242,97.7,54,211
Stoughton,2850000,MTH,195,81,121,50,74,31,39,16,8,3,242,91.9,36,212
Stoughton,2850000,SCI,195,87,66,29,129,58,24,11,5,2,224,95,N/A,N/A
Sturgis Charter Public,4890000,ELA,183,100,143,78,40,22,0,0,0,0,183,100,61,147
Sturgis Charter Public,4890000,MTH,178,96,151,82,27,15,7,4,0,0,185,98.9,70,146
Sturgis Charter Public,4890000,SCI,161,94,93,54,68,40,10,6,0,0,171,98.2,N/A,N/A
Sutton,2900000,ELA,95,94,51,50,44,44,5,5,1,1,101,98,46,97
Sutton,2900000,MTH,83,83,52,52,31,31,15,15,2,2,100,94,36,96
Sutton,2900000,SCI,64,67,13,14,51,53,32,33,0,0,96,88.3,N/A,N/A
Swampscott,2910000,ELA,184,98,117,62,67,36,2,1,2,1,188,99.7,54,173
Swampscott,2910000,MTH,168,89,119,63,49,26,17,9,3,2,188,96.3,49,173
Swampscott,2910000,SCI,163,93,76,43,87,49,11,6,2,1,176,98.2,N/A,N/A
Swansea,2920000,ELA,127,92,59,43,68,49,7,5,4,3,138,96.6,54,113
Swansea,2920000,MTH,107,77,74,53,33,24,21,15,11,8,139,89.2,66,113
Swansea,2920000,SCI,101,80,39,31,62,49,21,17,5,4,127,92.1,N/A,N/A
TEC Connections Academy Commonwealth Virtual School District,39020000,ELA,62,93,28,42,34,51,4,6,1,1,67,97,34,21
TEC Connections Academy Commonwealth Virtual School District,39020000,MTH,47,66,23,32,24,34,16,23,8,11,71,83.5,21,20
Tantasqua,7700000,ELA,330,94,170,48,160,46,15,4,6,2,351,97.6,43,326
Tantasqua,7700000,MTH,291,84,193,56,98,28,36,10,20,6,347,92.9,46,327
Tantasqua,7700000,SCI,221,67,80,24,141,42,106,32,5,2,332,88.5,N/A,N/A
Taunton,2930000,ELA,415,87,214,45,201,42,43,9,21,4,479,94.3,38,422
Taunton,2930000,MTH,359,74,222,46,137,28,82,17,44,9,485,87.5,47,433
Taunton,2930000,SCI,236,54,90,21,146,34,162,37,37,9,435,79.9,N/A,N/A
Tewksbury,2950000,ELA,265,94,132,47,133,47,13,5,5,2,283,97.3,42.5,268
Tewksbury,2950000,MTH,230,81,148,52,82,29,38,13,15,5,283,91.3,60,268
Tewksbury,2950000,SCI,212,79,69,26,143,54,53,20,2,1,267,92.5,N/A,N/A
The Sizer School: A North Central Charter Essential (District),4740000,ELA,53,96,34,62,19,35,2,4,0,0,55,98.6,63,49
The Sizer School: A North Central Charter Essential (District),4740000,MTH,47,87,35,65,12,22,6,11,1,2,54,94.4,63.5,50
The Sizer School: A North Central Charter Essential (District),4740000,SCI,36,77,9,19,27,57,11,23,0,0,47,91,N/A,N/A
Tri County Regional Vocational Technical,8780000,ELA,254,96,87,33,167,63,10,4,1,0,265,98.4,37,252
Tri County Regional Vocational Technical,8780000,MTH,221,83,127,48,94,35,33,12,11,4,265,92.6,54,251
Tri County Regional Vocational Technical,8780000,SCI,193,79,44,18,149,61,45,18,7,3,245,91.5,N/A,N/A
Triton,7730000,ELA,172,97,109,62,63,36,4,2,1,1,177,99,52,161
Triton,7730000,MTH,159,91,113,65,46,26,10,6,6,3,175,95.9,45.5,160
Triton,7730000,SCI,139,84,44,27,95,58,25,15,1,1,165,94.1,N/A,N/A
Tyngsborough,3010000,ELA,120,98,83,67,37,30,3,2,0,0,123,99.4,57,112
Tyngsborough,3010000,MTH,108,86,84,67,24,19,10,8,7,6,125,93.4,59.5,112
Tyngsborough,3010000,SCI,99,86,49,43,50,43,16,14,0,0,115,95.4,N/A,N/A
Upper Cape Cod Regional Vocational Technical,8790000,ELA,172,96,53,30,119,66,7,4,0,0,179,98.9,43,173
Upper Cape Cod Regional Vocational Technical,8790000,MTH,142,79,79,44,63,35,29,16,9,5,180,91.1,46.5,172
Upper Cape Cod Regional Vocational Technical,8790000,SCI,121,68,22,12,99,56,55,31,1,1,177,89,N/A,N/A
Uxbridge,3040000,ELA,114,92,54,44,60,48,6,5,4,3,124,96.4,47,113
Uxbridge,3040000,MTH,102,80,66,52,36,28,13,10,12,9,127,90,48,113
Uxbridge,3040000,SCI,89,78,21,18,68,60,19,17,6,5,114,90.8,N/A,N/A
Wachusett,7750000,ELA,505,97,354,68,151,29,8,2,9,2,522,99.2,52,489
Wachusett,7750000,MTH,479,91,380,72,99,19,29,6,17,3,525,96.5,57.5,490
Wachusett,7750000,SCI,409,82,151,30,258,52,77,16,10,2,496,94.1,N/A,N/A
Wakefield,3050000,ELA,218,94,138,60,80,35,8,3,5,2,231,97.3,47,221
Wakefield,3050000,MTH,200,86,141,61,59,25,22,9,11,5,233,93.8,46,219
Wakefield,3050000,SCI,185,83,62,28,123,55,30,14,7,3,222,93.4,N/A,N/A
Walpole,3070000,ELA,276,98,193,68,83,29,3,1,4,1,283,99.3,49,260
Walpole,3070000,MTH,256,92,181,65,75,27,19,7,4,1,279,97.1,54,257
Walpole,3070000,SCI,240,91,136,51,104,39,18,7,7,3,265,97.1,N/A,N/A
Waltham,3080000,ELA,323,89,176,48,147,40,19,5,22,6,364,95.8,57,313
Waltham,3080000,MTH,258,71,162,45,96,27,58,16,46,13,362,86.7,52,315
Waltham,3080000,SCI,245,73,87,26,158,47,67,20,22,7,334,90.3,N/A,N/A
Ware,3090000,ELA,59,83,30,42,29,41,9,13,3,4,71,93.3,48,56
Ware,3090000,MTH,58,82,39,55,19,27,6,8,7,10,71,90.1,60.5,52
Ware,3090000,SCI,47,75,17,27,30,48,13,21,3,5,63,90.9,N/A,N/A
Wareham,3100000,ELA,122,84,40,28,82,57,16,11,7,5,145,93.8,42,115
Wareham,3100000,MTH,88,63,35,25,53,38,35,25,17,12,140,83.2,27,112
Wareham,3100000,SCI,37,29,11,9,26,20,79,61,13,10,129,68.8,N/A,N/A
Watertown,3140000,ELA,155,90,74,43,81,47,14,8,4,2,173,95.8,55,148
Watertown,3140000,MTH,139,80,93,54,46,27,24,14,10,6,173,90.9,59.5,148
Watertown,3140000,SCI,111,68,33,20,78,48,40,24,13,8,164,85.2,N/A,N/A
Wayland,3150000,ELA,194,97,149,75,45,23,4,2,2,1,200,99,48,186
Wayland,3150000,MTH,190,94,172,85,18,9,8,4,5,2,203,97.2,52,187
Wayland,3150000,SCI,182,94,116,60,66,34,10,5,2,1,194,98.3,N/A,N/A
Webster,3160000,ELA,95,86,45,41,50,45,10,9,5,5,110,92.7,58,82
Webster,3160000,MTH,71,66,45,42,26,24,23,21,13,12,107,82.5,71,83
Webster,3160000,SCI,61,64,17,18,44,46,27,28,8,8,96,83.9,N/A,N/A
Wellesley,3170000,ELA,353,98,249,69,104,29,4,1,5,1,362,99.2,44.5,318
Wellesley,3170000,MTH,345,95,295,81,50,14,12,3,6,2,363,98.4,68.5,322
Wellesley,3170000,SCI,286,83,159,46,127,37,49,14,10,3,345,93,N/A,N/A
West Boylston,3220000,ELA,57,92,27,44,30,48,3,5,2,3,62,98.8,68.5,50
West Boylston,3220000,MTH,51,82,31,50,20,32,8,13,3,5,62,94.8,51,51
West Boylston,3220000,SCI,39,70,9,16,30,54,15,27,2,4,56,89.3,N/A,N/A
West Bridgewater,3230000,ELA,96,95,56,55,40,40,3,3,2,2,101,99.3,43,98
West Bridgewater,3230000,MTH,85,85,51,51,34,34,12,12,3,3,100,94.3,33,97
West Bridgewater,3230000,SCI,83,85,29,30,54,55,12,12,3,3,98,94.1,N/A,N/A
West Springfield,3320000,ELA,247,86,116,40,131,45,29,10,12,4,288,95.2,41,242
West Springfield,3320000,MTH,222,77,146,51,76,26,35,12,32,11,289,88.1,37,243
West Springfield,3320000,SCI,184,69,72,27,112,42,69,26,13,5,266,88.1,N/A,N/A
Westborough,3210000,ELA,233,96,194,80,39,16,6,2,3,1,242,98.9,67,219
Westborough,3210000,MTH,229,94,194,80,35,14,7,3,7,3,243,97.4,64,221
Westborough,3210000,SCI,211,93,117,51,94,41,12,5,5,2,228,97,N/A,N/A
Westfield,3250000,ELA,368,90,166,40,202,49,29,7,14,3,411,96.5,41,362
Westfield,3250000,MTH,293,72,166,41,127,31,74,18,42,10,409,87,54,363
Westfield,3250000,SCI,247,64,49,13,198,52,120,31,16,4,383,85.6,N/A,N/A
Westford,3260000,ELA,398,98,321,79,77,19,3,1,5,1,406,99.5,55,385
Westford,3260000,MTH,388,96,342,85,46,11,8,2,7,2,403,98.7,38,382
Westford,3260000,SCI,372,93,235,59,137,34,21,5,6,2,399,97.9,N/A,N/A
Weston,3300000,ELA,190,98,148,76,42,22,3,2,1,1,194,99.4,44,171
Weston,3300000,MTH,188,96,153,78,35,18,5,3,2,1,195,98.6,57,172
Weston,3300000,SCI,156,84,65,35,91,49,28,15,1,1,185,94.3,N/A,N/A
Westport,3310000,ELA,83,94,44,50,39,44,3,3,2,2,88,97.2,54,75
Westport,3310000,MTH,68,78,40,46,28,32,14,16,5,6,87,90.2,44,74
Westport,3310000,SCI,68,83,31,38,37,45,14,17,0,0,82,94.5,N/A,N/A
Westwood,3350000,ELA,252,98,198,77,54,21,2,1,3,1,257,99.5,48,235
Westwood,3350000,MTH,244,95,199,77,45,18,7,3,6,2,257,98.5,46,232
Westwood,3350000,SCI,233,95,130,53,103,42,10,4,3,1,246,98.7,N/A,N/A
Weymouth,3360000,ELA,426,91,186,40,240,51,34,7,9,2,469,97.1,55,376
Weymouth,3360000,MTH,355,75,179,38,176,37,81,17,35,7,471,89.3,49,400
Weymouth,3360000,SCI,342,76,128,29,214,48,82,18,25,6,449,89.5,N/A,N/A
Whitman-Hanson,7800000,ELA,270,96,142,50,128,45,7,2,5,2,282,98.2,42,264
Whitman-Hanson,7800000,MTH,236,83,152,53,84,29,37,13,12,4,285,93.2,49,267
Whitman-Hanson,7800000,SCI,223,84,89,33,134,50,41,15,3,1,267,94.4,N/A,N/A
Whittier Regional Vocational Technical,8850000,ELA,327,93,115,33,212,60,23,7,2,1,352,97.3,55,314
Whittier Regional Vocational Technical,8850000,MTH,271,77,149,42,122,35,67,19,13,4,351,90.5,56,315
Whittier Regional Vocational Technical,8850000,SCI,237,72,48,15,189,57,74,22,18,5,329,87.8,N/A,N/A
Wilmington,3420000,ELA,219,94,147,63,72,31,8,3,5,2,232,97.3,48,221
Wilmington,3420000,MTH,207,88,143,61,64,27,17,7,10,4,234,94.3,43.5,220
Wilmington,3420000,SCI,159,72,53,24,106,48,57,26,4,2,220,89.9,N/A,N/A
Winchendon,3430000,ELA,58,79,15,21,43,59,12,16,3,4,73,91.8,25.5,60
Winchendon,3430000,MTH,43,57,22,29,21,28,22,29,10,13,75,77.7,48,62
Winchendon,3430000,SCI,29,45,8,12,21,32,33,51,3,5,65,77.3,N/A,N/A
Winchester,3440000,ELA,271,99,224,82,47,17,0,0,2,1,273,99.9,67,265
Winchester,3440000,MTH,268,98,217,79,51,19,3,1,2,1,273,99.6,64,265
Winchester,3440000,SCI,252,94,175,65,77,29,13,5,3,1,268,97.8,N/A,N/A
Winthrop,3460000,ELA,112,94,68,57,44,37,7,6,0,0,119,98.3,49.5,104
Winthrop,3460000,MTH,90,76,63,53,27,23,20,17,9,8,119,88,59,105
Winthrop,3460000,SCI,82,76,24,22,58,54,22,20,4,4,108,90.3,N/A,N/A
Woburn,3470000,ELA,298,91,160,49,138,42,15,5,14,4,327,95.9,44,271
Woburn,3470000,MTH,260,79,163,50,97,30,43,13,25,8,328,89.6,45,275
Woburn,3470000,SCI,203,67,69,23,134,45,81,27,17,6,301,86.5,N/A,N/A
Worcester,3480000,ELA,1320,81,490,30,830,51,223,14,89,5,1632,92,52,1267
Worcester,3480000,MTH,956,58,573,35,383,23,379,23,300,18,1635,78.4,53,1273
Worcester,3480000,SCI,709,49,176,12,533,37,603,41,146,10,1458,76.9,N/A,N/A
State Totals,0,ELA,63701,91,34248,49,29453,42,4177,6,1873,3,69751,96.7,51,61218
State Totals,0,MTH,54851,79,37141,53,17710,25,9374,13,5541,8,69766,89.9,50,61548
State Totals,0,SCI,48530,72,18604,27,29926,44,15769,23,3433,5,67732,88.2,N/A,N/A
